226	0.0	CST	0.0	up	0.0	24079.99999999993	
235	0.0	CST	0.0	up	0.0	24079.99999999993	
214	162.85714285714286	Masjid Bunder 	2000.0	up	0.0	24079.99999999993	
225	162.85714285714286	Masjid Bunder 	2000.0	up	0.0	24079.99999999993	
262	162.85714285714286	Masjid Bunder 	2000.0	up	0.0	24079.99999999993	
299	162.85714285714286	Masjid Bunder 	2000.0	up	0.0	24079.99999999993	
202	234.28571428571428	Mansarovar 	43000.0	down	0.0	20520.000000000033	
215	234.28571428571428	Mansarovar 	43000.0	down	0.0	20520.000000000033	
236	234.28571428571428	Mansarovar 	43000.0	down	0.0	20520.000000000033	
237	234.28571428571428	Mansarovar 	43000.0	down	0.0	20520.000000000033	
272	234.28571428571428	Mansarovar 	43000.0	down	0.0	20520.000000000033	
278	234.28571428571428	Mansarovar 	43000.0	down	0.0	20520.000000000033	
249	254.28571428571428	Sandhurst Road 	3000.0	up	0.0	24079.99999999993	
254	254.28571428571428	Sandhurst Road 	3000.0	up	0.0	24079.99999999993	
257	254.28571428571428	Sandhurst Road 	3000.0	up	0.0	24079.99999999993	
265	254.28571428571428	Sandhurst Road 	3000.0	up	0.0	24079.99999999993	
285	254.28571428571428	Sandhurst Road 	3000.0	up	0.0	24079.99999999993	
291	254.28571428571428	Sandhurst Road 	3000.0	up	0.0	24079.99999999993	
206	310.0	Dockyard Road 	3500.0	up	0.0	24079.99999999993	
218	310.0	Dockyard Road 	3500.0	up	0.0	24079.99999999993	
243	310.0	Dockyard Road 	3500.0	up	0.0	24079.99999999993	
263	310.0	Dockyard Road 	3500.0	up	0.0	24079.99999999993	
224	365.7142857142857	Reay Road 	4000.0	up	0.0	24079.99999999993	
232	365.7142857142857	Reay Road 	4000.0	up	0.0	24079.99999999993	
233	365.7142857142857	Reay Road 	4000.0	up	0.0	24079.99999999993	
250	365.7142857142857	Reay Road 	4000.0	up	0.0	24079.99999999993	
239	397.1428571428571	Kharghar 	41000.0	down	0.0	20520.000000000033	
245	397.1428571428571	Kharghar 	41000.0	down	0.0	20520.000000000033	
246	397.1428571428571	Kharghar 	41000.0	down	0.0	20520.000000000033	
279	397.1428571428571	Kharghar 	41000.0	down	0.0	20520.000000000033	
220	457.14285714285717	Cotton Green 	5000.0	up	0.0	24079.99999999993	
228	457.14285714285717	Cotton Green 	5000.0	up	0.0	24079.99999999993	
295	457.14285714285717	Cotton Green 	5000.0	up	0.0	24079.99999999993	
258	620.0	Sewri 	7000.0	up	0.0	24079.99999999993	
270	620.0	Sewri 	7000.0	up	0.0	24079.99999999993	
277	620.0	Sewri 	7000.0	up	0.0	24079.99999999993	
282	620.0	Sewri 	7000.0	up	0.0	24079.99999999993	
286	620.0	Sewri 	7000.0	up	0.0	24079.99999999993	
288	620.0	Sewri 	7000.0	up	0.0	24079.99999999993	
289	620.0	Sewri 	7000.0	up	0.0	24079.99999999993	
252	631.4285714285713	CBD Belapur 	38000.0	down	0.0	20520.000000000033	
203	782.8571428571429	Wadala 	9000.0	up	0.0	24079.99999999993	
248	782.8571428571429	Wadala 	9000.0	up	0.0	24079.99999999993	
292	782.8571428571429	Wadala 	9000.0	up	0.0	24079.99999999993	
296	782.8571428571429	Wadala 	9000.0	up	0.0	24079.99999999993	
204	794.2857142857142	Seawoods-Darave 	36000.0	down	0.0	20520.000000000033	
209	794.2857142857142	Seawoods-Darave 	36000.0	down	0.0	20520.000000000033	
227	794.2857142857142	Seawoods-Darave 	36000.0	down	0.0	20520.000000000033	
238	794.2857142857142	Seawoods-Darave 	36000.0	down	0.0	20520.000000000033	
242	794.2857142857142	Seawoods-Darave 	36000.0	down	0.0	20520.000000000033	
267	794.2857142857142	Seawoods-Darave 	36000.0	down	0.0	20520.000000000033	
251	945.7142857142858	 G.T.B.nagar	11000.0	up	0.0	24079.99999999993	
266	945.7142857142858	 G.T.B.nagar	11000.0	up	0.0	24079.99999999993	
205	957.1428571428571	Nerul 	34000.0	down	0.0	20520.000000000033	
260	957.1428571428571	Nerul 	34000.0	down	0.0	20520.000000000033	
281	957.1428571428571	Nerul 	34000.0	down	0.0	20520.000000000033	
271	1108.5714285714287	Chunabhatti 	13000.0	up	0.0	24079.99999999993	
230	1120.0	Juinagar 	32000.0	down	0.0	20520.000000000033	
255	1120.0	Juinagar 	32000.0	down	0.0	20520.000000000033	
283	1120.0	Juinagar 	32000.0	down	0.0	20520.000000000033	
223	1271.4285714285716	Kurla 	15000.0	up	0.0	24079.99999999993	
269	1271.4285714285716	Kurla 	15000.0	up	0.0	24079.99999999993	
284	1271.4285714285716	Kurla 	15000.0	up	0.0	24079.99999999993	
210	1282.857142857143	Sanpada 	30000.0	down	0.0	20520.000000000033	
216	1282.857142857143	Sanpada 	30000.0	down	0.0	20520.000000000033	
222	1282.857142857143	Sanpada 	30000.0	down	0.0	20520.000000000033	
275	1282.857142857143	Sanpada 	30000.0	down	0.0	20520.000000000033	
293	1282.857142857143	Sanpada 	30000.0	down	0.0	20520.000000000033	
211	1362.857142857143	Tilak Nagar 	16000.0	up	0.0	24079.99999999993	
247	1362.857142857143	Tilak Nagar 	16000.0	up	0.0	24079.99999999993	
261	1362.857142857143	Tilak Nagar 	16000.0	up	0.0	24079.99999999993	
268	1362.857142857143	Tilak Nagar 	16000.0	up	0.0	24079.99999999993	
208	1374.2857142857142	Vashi 	29000.0	down	0.0	20520.000000000033	
231	1374.2857142857142	Vashi 	29000.0	down	0.0	20520.000000000033	
240	1454.2857142857142	Chembur 	17000.0	up	0.0	24079.99999999993	
253	1617.142857142857	Govandi 	19000.0	up	0.0	24079.99999999993	
274	1617.142857142857	Govandi 	19000.0	up	0.0	24079.99999999993	
294	1617.142857142857	Govandi 	19000.0	up	0.0	24079.99999999993	
297	1617.142857142857	Govandi 	19000.0	up	0.0	24079.99999999993	
212	1780.0	Mankhurd 	21000.0	up	0.0	24079.99999999993	
256	1780.0	Mankhurd 	21000.0	up	0.0	24079.99999999993	
298	1780.0	Mankhurd 	21000.0	up	0.0	24079.99999999993	
263	1800.0	CST	0.0	up	0.0	2519.9999999999486	
207	1965.7142857142858	Mankhurd 	21000.0	down	0.0	20520.000000000044	
273	1965.7142857142858	Mankhurd 	21000.0	down	0.0	20520.000000000044	
238	2034.2857142857142	Mansarovar 	43000.0	down	0.0	43200.00000000004	
243	2054.285714285714	Sandhurst Road 	3000.0	up	0.0	2519.9999999999613	
251	2054.285714285714	Sandhurst Road 	3000.0	up	0.0	2519.9999999999613	
257	2054.285714285714	Sandhurst Road 	3000.0	up	0.0	2519.9999999999613	
285	2054.285714285714	Sandhurst Road 	3000.0	up	0.0	2519.9999999999613	
292	2054.285714285714	Sandhurst Road 	3000.0	up	0.0	2519.9999999999613	
275	2110.0	Dockyard Road 	3500.0	up	0.0	2519.9999999999486	
213	2128.5714285714284	Govandi 	19000.0	down	0.0	20520.000000000033	
225	2128.5714285714284	Govandi 	19000.0	down	0.0	20520.000000000033	
291	2165.714285714286	Reay Road 	4000.0	up	0.0	2519.999999999936	
260	2197.142857142857	Kharghar 	41000.0	down	0.0	43200.00000000004	
277	2197.142857142857	Kharghar 	41000.0	down	0.0	43200.00000000004	
259	2291.428571428571	Chembur 	17000.0	down	0.0	20520.000000000022	
217	2371.4285714285716	Vashi 	29000.0	up	0.0	24079.99999999993	
234	2371.4285714285716	Vashi 	29000.0	up	0.0	24079.99999999993	
280	2371.4285714285716	Vashi 	29000.0	up	0.0	24079.99999999993	
282	2371.4285714285716	Vashi 	29000.0	up	0.0	24079.99999999993	
276	2382.8571428571427	Tilak Nagar 	16000.0	down	0.0	20520.000000000033	
278	2382.8571428571427	Tilak Nagar 	16000.0	down	0.0	20520.000000000033	
288	2382.8571428571427	Tilak Nagar 	16000.0	down	0.0	20520.000000000033	
265	2431.428571428571	CBD Belapur 	38000.0	down	0.0	43200.00000000002	
299	2431.428571428571	CBD Belapur 	38000.0	down	0.0	43200.00000000002	
221	2474.285714285714	Kurla 	15000.0	down	0.0	20520.000000000022	
229	2474.285714285714	Kurla 	15000.0	down	0.0	20520.000000000022	
231	2582.8571428571427	Wadala 	9000.0	up	0.0	2519.9999999999486	
214	2594.2857142857138	Seawoods-Darave 	36000.0	down	0.0	43200.00000000002	
267	2594.2857142857138	Seawoods-Darave 	36000.0	down	0.0	43200.00000000002	
271	2625.714285714286	Juinagar 	32000.0	up	0.0	24079.99999999993	
290	2637.142857142857	Chunabhatti 	13000.0	down	0.0	20520.000000000022	
249	2745.7142857142853	 G.T.B.nagar	11000.0	up	0.0	2519.9999999999613	
243	2757.1428571428564	Nerul 	34000.0	down	0.0	43200.00000000002	
294	2757.1428571428564	Nerul 	34000.0	down	0.0	43200.00000000002	
282	2788.5714285714284	Nerul 	34000.0	up	0.0	24079.99999999994	
279	2799.9999999999995	 G.T.B.nagar	11000.0	down	0.0	20520.000000000022	
228	2919.999999999999	Juinagar 	32000.0	down	0.0	43200.00000000001	
245	2962.857142857142	Wadala 	9000.0	down	0.0	20520.000000000007	
230	3071.4285714285706	Kurla 	15000.0	up	0.0	2519.999999999974	
216	3114.2857142857138	CBD Belapur 	38000.0	up	0.0	24079.999999999956	
240	3125.714285714285	Sewri 	7000.0	down	0.0	20519.999999999993	
205	3174.2857142857133	Vashi 	29000.0	down	0.0	43200.00000000001	
227	3288.5714285714275	Cotton Green 	5000.0	down	0.0	20519.999999999993	
201	3348.571428571428	Kharghar 	41000.0	up	0.0	24079.999999999967	
251	3417.1428571428564	Govandi 	19000.0	up	0.0	2519.999999999974	
219	3435.714285714285	Dockyard Road 	3500.0	down	0.0	20519.999999999993	
232	3491.4285714285706	Sandhurst Road 	3000.0	down	0.0	20520.000000000007	
244	3491.4285714285706	Sandhurst Road 	3000.0	down	0.0	20520.000000000007	
226	3600.0	CST	0.0	up	0.0	18200.000000000015	
231	3600.0	CST	0.0	up	0.0	18200.000000000015	
290	3600.0	CST	0.0	up	0.0	18200.000000000015	
230	3762.8571428571427	Masjid Bunder 	2000.0	up	0.0	18200.000000000015	
233	3762.8571428571427	Masjid Bunder 	2000.0	up	0.0	18200.000000000015	
236	3762.8571428571427	Masjid Bunder 	2000.0	up	0.0	18200.000000000015	
237	3762.8571428571427	Masjid Bunder 	2000.0	up	0.0	18200.000000000015	
208	3765.714285714285	Mankhurd 	21000.0	down	0.0	43199.99999999999	
209	3765.714285714285	Mankhurd 	21000.0	down	0.0	43199.99999999999	
242	3765.714285714285	Mankhurd 	21000.0	down	0.0	43199.99999999999	
270	3765.714285714285	Mankhurd 	21000.0	down	0.0	43199.99999999999	
221	3854.285714285714	Sandhurst Road 	3000.0	up	0.0	18200.0	
256	3854.285714285714	Sandhurst Road 	3000.0	up	0.0	18200.0	
266	3910.0	Dockyard Road 	3500.0	up	0.0	18200.000000000015	
279	3910.0	Dockyard Road 	3500.0	up	0.0	18200.000000000015	
298	3910.0	Dockyard Road 	3500.0	up	0.0	18200.000000000015	
268	3928.5714285714275	Govandi 	19000.0	down	0.0	43199.99999999999	
283	3928.5714285714275	Govandi 	19000.0	down	0.0	43199.99999999999	
288	3928.5714285714275	Govandi 	19000.0	down	0.0	43199.99999999999	
273	3965.714285714286	Reay Road 	4000.0	up	0.0	18200.000000000025	
281	3965.714285714286	Reay Road 	4000.0	up	0.0	18200.000000000025	
238	3997.142857142857	Kharghar 	41000.0	down	0.0	32119.999999999978	
244	3997.142857142857	Kharghar 	41000.0	down	0.0	32119.999999999978	
262	3997.142857142857	Kharghar 	41000.0	down	0.0	32119.999999999978	
272	3997.142857142857	Kharghar 	41000.0	down	0.0	32119.999999999978	
292	3997.142857142857	Kharghar 	41000.0	down	0.0	32119.999999999978	
219	4057.1428571428573	Cotton Green 	5000.0	up	0.0	18200.000000000015	
222	4057.1428571428573	Cotton Green 	5000.0	up	0.0	18200.000000000015	
259	4057.1428571428573	Cotton Green 	5000.0	up	0.0	18200.000000000015	
269	4057.1428571428573	Cotton Green 	5000.0	up	0.0	18200.000000000015	
220	4091.42857142857	Chembur 	17000.0	down	0.0	43199.99999999999	
250	4091.42857142857	Chembur 	17000.0	down	0.0	43199.99999999999	
255	4091.42857142857	Chembur 	17000.0	down	0.0	43199.99999999999	
218	4171.428571428571	Vashi 	29000.0	up	0.0	2519.999999999987	
252	4182.857142857142	Tilak Nagar 	16000.0	down	0.0	43199.99999999999	
200	4214.285714285714	Khandeshwar 	46000.0	down	0.0	24079.99999999998	
241	4214.285714285714	Khandeshwar 	46000.0	down	0.0	24079.99999999998	
264	4214.285714285714	Khandeshwar 	46000.0	down	0.0	24079.99999999998	
287	4214.285714285714	Khandeshwar 	46000.0	down	0.0	24079.99999999998	
295	4214.285714285714	Khandeshwar 	46000.0	down	0.0	24079.99999999998	
211	4220.0	Sewri 	7000.0	up	0.0	18200.000000000015	
235	4220.0	Sewri 	7000.0	up	0.0	18200.000000000015	
240	4231.428571428572	CBD Belapur 	38000.0	down	0.0	32119.999999999978	
242	4231.428571428572	CBD Belapur 	38000.0	down	0.0	32119.999999999978	
257	4231.428571428572	CBD Belapur 	38000.0	down	0.0	32119.999999999978	
293	4231.428571428572	CBD Belapur 	38000.0	down	0.0	32119.999999999978	
203	4262.857142857142	Sanpada 	30000.0	up	0.0	2519.999999999987	
280	4274.285714285714	Kurla 	15000.0	down	0.0	43199.99999999999	
209	4382.857142857143	Wadala 	9000.0	up	0.0	18200.000000000015	
284	4382.857142857143	Wadala 	9000.0	up	0.0	18200.000000000015	
213	4394.285714285715	Seawoods-Darave 	36000.0	down	0.0	32119.999999999978	
234	4394.285714285715	Seawoods-Darave 	36000.0	down	0.0	32119.999999999978	
248	4394.285714285715	Seawoods-Darave 	36000.0	down	0.0	32119.999999999978	
296	4394.285714285715	Seawoods-Darave 	36000.0	down	0.0	32119.999999999978	
202	4425.714285714285	Juinagar 	32000.0	up	0.0	2519.999999999987	
226	4437.142857142857	Chunabhatti 	13000.0	down	0.0	43199.99999999999	
251	4437.142857142857	Chunabhatti 	13000.0	down	0.0	43199.99999999999	
243	4545.714285714286	 G.T.B.nagar	11000.0	up	0.0	18200.000000000015	
276	4545.714285714286	 G.T.B.nagar	11000.0	up	0.0	18200.000000000015	
285	4545.714285714286	 G.T.B.nagar	11000.0	up	0.0	18200.000000000015	
216	4557.142857142858	Nerul 	34000.0	down	0.0	32119.999999999978	
229	4557.142857142858	Nerul 	34000.0	down	0.0	32119.999999999978	
261	4557.142857142858	Nerul 	34000.0	down	0.0	32119.999999999978	
277	4557.142857142858	Nerul 	34000.0	down	0.0	32119.999999999978	
210	4600.0	 G.T.B.nagar	11000.0	down	0.0	43199.99999999999	
223	4600.0	 G.T.B.nagar	11000.0	down	0.0	43199.99999999999	
227	4600.0	 G.T.B.nagar	11000.0	down	0.0	43199.99999999999	
246	4600.0	 G.T.B.nagar	11000.0	down	0.0	43199.99999999999	
250	4600.0	 G.T.B.nagar	11000.0	down	0.0	43199.99999999999	
290	4600.0	 G.T.B.nagar	11000.0	down	0.0	43199.99999999999	
260	4611.428571428572	Kharghar 	41000.0	down	0.0	24079.99999999998	
271	4611.428571428572	Kharghar 	41000.0	down	0.0	24079.99999999998	
278	4708.571428571429	Chunabhatti 	13000.0	up	0.0	18200.000000000015	
253	4720.000000000001	Juinagar 	32000.0	down	0.0	32119.999999999978	
264	4854.285714285715	Chunabhatti 	13000.0	up	0.0	19960.000000000007	
247	4871.4285714285725	Kurla 	15000.0	up	0.0	18200.000000000015	
274	4871.4285714285725	Kurla 	15000.0	up	0.0	18200.000000000015	
212	4882.857142857144	Sanpada 	30000.0	down	0.0	32119.999999999978	
215	4882.857142857144	Sanpada 	30000.0	down	0.0	32119.999999999978	
263	4882.857142857144	Sanpada 	30000.0	down	0.0	32119.999999999978	
282	4925.714285714286	Sewri 	7000.0	down	0.0	43199.99999999999	
204	4974.285714285716	Vashi 	29000.0	down	0.0	32119.999999999978	
273	5054.285714285716	Chembur 	17000.0	up	0.0	18200.000000000015	
225	5171.4285714285725	Nerul 	34000.0	down	0.0	24079.99999999998	
287	5180.000000000001	Reay Road 	4000.0	down	0.0	43199.99999999999	
207	5217.142857142859	Govandi 	19000.0	up	0.0	18200.000000000015	
208	5217.142857142859	Govandi 	19000.0	up	0.0	18200.000000000015	
266	5311.4285714285725	Mansarovar 	43000.0	up	0.0	2519.999999999987	
202	5334.285714285716	Juinagar 	32000.0	down	0.0	24079.99999999998	
248	5380.000000000002	Mankhurd 	21000.0	up	0.0	18200.000000000015	
260	5380.000000000002	Mankhurd 	21000.0	up	0.0	18200.000000000015	
203	5400.0	CST	0.0	up	0.0	40879.999999999985	
239	5400.0	CST	0.0	up	0.0	40879.999999999985	
264	5400.0	CST	0.0	up	0.0	40879.999999999985	
251	5497.142857142859	Sanpada 	30000.0	down	0.0	24079.99999999998	
220	5562.857142857143	Masjid Bunder 	2000.0	up	0.0	40879.999999999985	
288	5562.857142857143	Masjid Bunder 	2000.0	up	0.0	40879.999999999985	
294	5562.857142857143	Masjid Bunder 	2000.0	up	0.0	40879.999999999985	
297	5562.857142857143	Masjid Bunder 	2000.0	up	0.0	40879.999999999985	
267	5565.714285714287	Mankhurd 	21000.0	down	0.0	32119.999999999978	
275	5565.714285714287	Mankhurd 	21000.0	down	0.0	32119.999999999978	
228	5634.285714285715	Mansarovar 	43000.0	down	0.0	9439.999999999996	
231	5634.285714285715	Mansarovar 	43000.0	down	0.0	9439.999999999996	
205	5654.285714285715	Sandhurst Road 	3000.0	up	0.0	40879.999999999985	
255	5654.285714285715	Sandhurst Road 	3000.0	up	0.0	40879.999999999985	
283	5654.285714285715	Sandhurst Road 	3000.0	up	0.0	40879.999999999985	
290	5654.285714285715	Sandhurst Road 	3000.0	up	0.0	40879.999999999985	
294	5708.571428571429	Masjid Bunder 	2000.0	up	0.0	42919.99999999999	
262	5710.0	Dockyard Road 	3500.0	up	0.0	40879.999999999985	
239	5728.57142857143	Govandi 	19000.0	down	0.0	32119.999999999978	
281	5728.57142857143	Govandi 	19000.0	down	0.0	32119.999999999978	
287	5765.714285714285	Reay Road 	4000.0	up	0.0	40879.999999999985	
254	5797.142857142858	Kharghar 	41000.0	down	0.0	9439.999999999996	
246	5857.142857142857	Cotton Green 	5000.0	up	0.0	40879.999999999985	
258	5971.428571428573	Vashi 	29000.0	up	0.0	18200.000000000015	
201	5982.857142857145	Tilak Nagar 	16000.0	down	0.0	32119.999999999978	
299	5982.857142857145	Tilak Nagar 	16000.0	down	0.0	32119.999999999978	
226	6014.2857142857165	Khandeshwar 	46000.0	down	0.0	2519.9999999999804	
252	6014.2857142857165	Khandeshwar 	46000.0	down	0.0	2519.9999999999804	
298	6014.2857142857165	Khandeshwar 	46000.0	down	0.0	2519.9999999999804	
227	6020.0	Sewri 	7000.0	up	0.0	40879.99999999999	
279	6020.0	Sewri 	7000.0	up	0.0	40879.99999999999	
248	6031.4285714285725	CBD Belapur 	38000.0	down	0.0	9439.999999999989	
259	6031.4285714285725	CBD Belapur 	38000.0	down	0.0	9439.999999999989	
223	6074.2857142857165	Kurla 	15000.0	down	0.0	32119.999999999978	
210	6180.000000000002	Mankhurd 	21000.0	down	0.0	24079.99999999998	
236	6182.857142857143	Wadala 	9000.0	up	0.0	40880.0	
271	6248.571428571431	Mansarovar 	43000.0	down	0.0	2519.999999999974	
249	6345.714285714286	 G.T.B.nagar	11000.0	up	0.0	40880.0	
263	6345.714285714286	 G.T.B.nagar	11000.0	up	0.0	40880.0	
265	6345.714285714286	 G.T.B.nagar	11000.0	up	0.0	40880.0	
274	6345.714285714286	 G.T.B.nagar	11000.0	up	0.0	40880.0	
250	6388.571428571431	Nerul 	34000.0	up	0.0	18200.000000000025	
217	6400.000000000003	 G.T.B.nagar	11000.0	down	0.0	32119.999999999964	
233	6400.000000000003	 G.T.B.nagar	11000.0	down	0.0	32119.999999999964	
284	6400.000000000003	 G.T.B.nagar	11000.0	down	0.0	32119.999999999964	
257	6411.428571428574	Kharghar 	41000.0	down	0.0	2519.9999999999677	
209	6505.714285714288	Chembur 	17000.0	down	0.0	24079.999999999967	
234	6508.571428571429	Chunabhatti 	13000.0	up	0.0	40880.00000000001	
264	6508.571428571429	Chunabhatti 	13000.0	up	0.0	40880.00000000001	
219	6562.857142857146	Wadala 	9000.0	down	0.0	32119.999999999956	
240	6645.714285714289	CBD Belapur 	38000.0	down	0.0	2519.9999999999613	
221	6671.4285714285725	Kurla 	15000.0	up	0.0	40880.000000000015	
243	6671.4285714285725	Kurla 	15000.0	up	0.0	40880.000000000015	
205	6682.857142857145	Sanpada 	30000.0	down	0.0	9439.999999999964	
249	6725.714285714289	Sewri 	7000.0	down	0.0	32119.99999999995	
280	6725.714285714289	Sewri 	7000.0	down	0.0	32119.99999999995	
259	6762.857142857144	Tilak Nagar 	16000.0	up	0.0	40880.000000000015	
266	6762.857142857144	Tilak Nagar 	16000.0	up	0.0	40880.000000000015	
286	6762.857142857144	Tilak Nagar 	16000.0	up	0.0	40880.000000000015	
292	6762.857142857144	Tilak Nagar 	16000.0	up	0.0	40880.000000000015	
287	6774.2857142857165	Vashi 	29000.0	down	0.0	9439.999999999964	
281	6854.285714285716	Chembur 	17000.0	up	0.0	40880.000000000015	
293	6854.285714285716	Chembur 	17000.0	up	0.0	40880.000000000015	
276	6888.571428571432	Cotton Green 	5000.0	down	0.0	32119.999999999945	
277	6888.571428571432	Cotton Green 	5000.0	down	0.0	32119.999999999945	
218	6971.428571428575	Nerul 	34000.0	down	0.0	2519.9999999999486	
268	7017.142857142859	Govandi 	19000.0	up	0.0	40880.00000000002	
250	7091.428571428574	Sandhurst Road 	3000.0	down	0.0	32119.999999999956	
276	7134.285714285718	Juinagar 	32000.0	down	0.0	2519.9999999999422	
289	7134.285714285718	Juinagar 	32000.0	down	0.0	2519.9999999999422	
291	7134.285714285718	Juinagar 	32000.0	down	0.0	2519.9999999999422	
252	7180.000000000002	Mankhurd 	21000.0	up	0.0	40880.00000000003	
211	7200.0	CST	0.0	up	0.0	34160.0	
219	7200.0	CST	0.0	up	0.0	34160.0	
274	7200.0	CST	0.0	up	0.0	34160.0	
297	7200.0	CST	0.0	up	0.0	34160.0	
202	7297.142857142861	Sanpada 	30000.0	down	0.0	2519.999999999936	
204	7297.142857142861	Sanpada 	30000.0	down	0.0	2519.999999999936	
249	7297.142857142861	Sanpada 	30000.0	down	0.0	2519.999999999936	
214	7362.857142857143	Masjid Bunder 	2000.0	up	0.0	34159.99999999999	
223	7362.857142857143	Masjid Bunder 	2000.0	up	0.0	34159.99999999999	
227	7362.857142857143	Masjid Bunder 	2000.0	up	0.0	34159.99999999999	
255	7362.857142857143	Masjid Bunder 	2000.0	up	0.0	34159.99999999999	
271	7362.857142857143	Masjid Bunder 	2000.0	up	0.0	34159.99999999999	
275	7362.857142857143	Masjid Bunder 	2000.0	up	0.0	34159.99999999999	
269	7365.714285714288	Mankhurd 	21000.0	down	0.0	9439.999999999964	
299	7365.714285714288	Mankhurd 	21000.0	down	0.0	9439.999999999964	
238	7434.285714285715	Mansarovar 	43000.0	down	0.0	10720.000000000004	
244	7434.285714285715	Mansarovar 	43000.0	down	0.0	10720.000000000004	
256	7434.285714285715	Mansarovar 	43000.0	down	0.0	10720.000000000004	
239	7454.285714285715	Sandhurst Road 	3000.0	up	0.0	34159.99999999999	
214	7510.0	Dockyard Road 	3500.0	up	0.0	34160.0	
241	7510.0	Dockyard Road 	3500.0	up	0.0	34160.0	
293	7510.0	Dockyard Road 	3500.0	up	0.0	34160.0	
231	7528.571428571431	Govandi 	19000.0	down	0.0	9439.999999999958	
253	7528.571428571431	Govandi 	19000.0	down	0.0	9439.999999999958	
225	7597.142857142858	Kharghar 	41000.0	down	0.0	10720.000000000011	
258	7597.142857142858	Kharghar 	41000.0	down	0.0	10720.000000000011	
296	7597.142857142858	Kharghar 	41000.0	down	0.0	10720.000000000011	
206	7657.142857142857	Cotton Green 	5000.0	up	0.0071428571428571175	34160.00000000001	
275	7657.142857142857	Cotton Green 	5000.0	up	0.0071428571428571175	34160.00000000001	
278	7657.142857142857	Cotton Green 	5000.0	up	0.0071428571428571175	34160.00000000001	
207	7691.428571428574	Chembur 	17000.0	down	0.011428571428571788	9439.99999999995	
255	7691.428571428574	Chembur 	17000.0	down	0.011428571428571788	9439.99999999995	
272	7691.428571428574	Chembur 	17000.0	down	0.011428571428571788	9439.99999999995	
267	7771.428571428573	Vashi 	29000.0	up	0.021428571428571686	40880.00000000003	
280	7782.857142857146	Tilak Nagar 	16000.0	down	0.022857142857143242	9439.99999999995	
217	7814.285714285719	Khandeshwar 	46000.0	down	0.026785714285714912	18200.00000000007	
235	7814.285714285719	Khandeshwar 	46000.0	down	0.026785714285714912	18200.00000000007	
213	7820.0	Sewri 	7000.0	up	0.02749999999999997	34160.0	
283	7820.0	Sewri 	7000.0	up	0.02749999999999997	34160.0	
285	7820.0	Sewri 	7000.0	up	0.02749999999999997	34160.0	
260	7831.4285714285725	CBD Belapur 	38000.0	down	0.02892857142857158	10720.000000000016	
273	7831.4285714285725	CBD Belapur 	38000.0	down	0.02892857142857158	10720.000000000016	
277	7831.4285714285725	CBD Belapur 	38000.0	down	0.02892857142857158	10720.000000000016	
270	7874.285714285717	Kurla 	15000.0	down	0.0342857142857147	9439.99999999995	
215	7982.857142857143	Wadala 	9000.0	up	0.04785714285714293	34159.99999999999	
229	7982.857142857143	Wadala 	9000.0	up	0.04785714285714293	34159.99999999999	
233	7982.857142857143	Wadala 	9000.0	up	0.04785714285714293	34159.99999999999	
251	7982.857142857143	Wadala 	9000.0	up	0.04785714285714293	34159.99999999999	
212	7994.285714285716	Seawoods-Darave 	36000.0	down	0.04928571428571443	10720.00000000002	
216	7994.285714285716	Seawoods-Darave 	36000.0	down	0.04928571428571443	10720.00000000002	
250	7994.285714285716	Seawoods-Darave 	36000.0	down	0.04928571428571443	10720.00000000002	
288	8025.714285714288	Juinagar 	32000.0	up	0.05321428571428602	40880.00000000003	
266	8037.1428571428605	Chunabhatti 	13000.0	down	0.05464285714285755	9439.999999999949	
271	8048.571428571434	Mansarovar 	43000.0	down	0.056071428571429216	18200.000000000076	
281	8142.857142857148	Govandi 	19000.0	down	0.06785714285714348	2519.9999999999327	
222	8145.714285714286	 G.T.B.nagar	11000.0	up	0.06821428571428578	34159.99999999999	
224	8145.714285714286	 G.T.B.nagar	11000.0	up	0.06821428571428578	34159.99999999999	
247	8145.714285714286	 G.T.B.nagar	11000.0	up	0.06821428571428578	34159.99999999999	
296	8188.571428571431	Nerul 	34000.0	up	0.0735714285714289	40880.00000000004	
217	8194.28571428572	Mansarovar 	43000.0	down	0.0742857142857149	19960.000000000073	
206	8211.428571428576	Kharghar 	41000.0	down	0.07642857142857198	18200.000000000065	
243	8214.285714285717	Sandhurst Road 	3000.0	up	0.07678571428571468	24639.999999999953	
227	8270.000000000004	Dockyard Road 	3500.0	up	0.08375000000000046	24639.999999999945	
230	8308.57142857143	Chunabhatti 	13000.0	up	0.08857142857142866	34159.99999999999	
200	8320.000000000002	Juinagar 	32000.0	down	0.09000000000000022	10720.000000000025	
290	8325.71428571429	Reay Road 	4000.0	up	0.09071428571428622	24639.999999999938	
236	8357.142857142862	Kharghar 	41000.0	down	0.09464285714285778	19960.000000000073	
262	8362.857142857147	Wadala 	9000.0	down	0.09535714285714333	9439.999999999942	
279	8397.14285714286	Tilak Nagar 	16000.0	down	0.09964285714285756	2519.999999999952	
285	8417.14285714286	Cotton Green 	5000.0	up	0.10214285714285756	24639.99999999995	
269	8445.71428571429	CBD Belapur 	38000.0	down	0.10571428571428623	18200.000000000062	
284	8471.428571428572	Kurla 	15000.0	up	0.10892857142857154	34159.999999999985	
265	8482.857142857145	Sanpada 	30000.0	down	0.11035714285714313	10720.00000000003	
270	8488.571428571431	Kurla 	15000.0	down	0.11107142857142888	2519.9999999999613	
261	8514.285714285717	CBD Belapur 	38000.0	up	0.11428571428571468	40880.000000000044	
205	8562.857142857143	Tilak Nagar 	16000.0	up	0.12035714285714288	34159.99999999999	
219	8562.857142857143	Tilak Nagar 	16000.0	up	0.12035714285714288	34159.99999999999	
273	8562.857142857143	Tilak Nagar 	16000.0	up	0.12035714285714288	34159.99999999999	
209	8574.285714285716	Vashi 	29000.0	down	0.12178571428571444	10720.00000000002	
249	8608.571428571433	Seawoods-Darave 	36000.0	down	0.1260714285714291	18200.000000000065	
252	8608.571428571433	Seawoods-Darave 	36000.0	down	0.1260714285714291	18200.000000000065	
235	8654.285714285714	Chembur 	17000.0	up	0.13178571428571423	34160.00000000001	
280	8688.571428571433	Cotton Green 	5000.0	down	0.13607142857142912	9439.999999999936	
296	8780.000000000004	Reay Road 	4000.0	down	0.14750000000000044	9439.999999999945	
203	8814.285714285717	 G.T.B.nagar	11000.0	down	0.15178571428571466	2519.999999999955	
291	8835.71428571429	Dockyard Road 	3500.0	down	0.15446428571428622	9439.999999999938	
253	8917.142857142862	Nerul 	34000.0	down	0.16464285714285778	19960.000000000073	
220	8934.28571428572	Juinagar 	32000.0	down	0.1667857142857149	18200.00000000007	
285	8934.28571428572	Juinagar 	32000.0	down	0.1667857142857149	18200.00000000007	
294	8977.14285714286	Wadala 	9000.0	down	0.17214285714285757	2519.999999999952	
257	8980.0	Mankhurd 	21000.0	up	0.1725	34160.0	
251	9068.571428571433	Chunabhatti 	13000.0	up	0.1835714285714291	24639.999999999935	
297	9097.142857142862	Sanpada 	30000.0	down	0.18714285714285778	18200.000000000073	
287	9231.428571428576	Kurla 	15000.0	up	0.20392857142857201	24639.999999999935	
254	9302.857142857147	Cotton Green 	5000.0	down	0.21285714285714333	2519.9999999999454	
296	9308.571428571433	Masjid Bunder 	2000.0	up	0.2135714285714291	9999.999999999938	
214	9328.57142857143	Govandi 	19000.0	down	0.21607142857142866	10720.000000000011	
268	9328.57142857143	Govandi 	19000.0	down	0.21607142857142866	10720.000000000011	
262	9400.000000000004	Sandhurst Road 	3000.0	up	0.3	9999.999999999949	
281	9400.000000000004	Sandhurst Road 	3000.0	up	0.3	9999.999999999949	
248	9414.285714285717	Chembur 	17000.0	up	0.3	24639.999999999956	
259	9414.285714285717	Chembur 	17000.0	up	0.3	24639.999999999956	
202	9450.000000000004	Dockyard Road 	3500.0	down	0.3	2519.9999999999486	
272	9450.000000000004	Dockyard Road 	3500.0	down	0.3	2519.9999999999486	
233	9455.71428571429	Dockyard Road 	3500.0	up	0.3	9999.999999999942	
249	9455.71428571429	Dockyard Road 	3500.0	up	0.3	9999.999999999942	
299	9455.71428571429	Dockyard Road 	3500.0	up	0.3	9999.999999999942	
203	9582.857142857143	Tilak Nagar 	16000.0	down	0.3	10720.000000000004	
224	9602.857142857147	Cotton Green 	5000.0	up	0.3	9999.999999999945	
234	9602.857142857147	Cotton Green 	5000.0	up	0.3	9999.999999999945	
288	9602.857142857147	Cotton Green 	5000.0	up	0.3	9999.999999999945	
291	9602.857142857147	Cotton Green 	5000.0	up	0.3	9999.999999999945	
267	9614.285714285716	Khandeshwar 	46000.0	down	0.3	40880.000000000015	
289	9614.285714285716	Khandeshwar 	46000.0	down	0.3	40880.000000000015	
231	9662.857142857141	Sanpada 	30000.0	up	0.3	34160.00000000002	
235	9674.285714285714	Kurla 	15000.0	down	0.3	10999.999999999993	
276	9740.000000000004	Mankhurd 	21000.0	up	0.6	24639.99999999995	
257	9765.71428571429	Sewri 	7000.0	up	0.6	9999.999999999942	
259	9780.000000000004	Mankhurd 	21000.0	down	0.6	18200.00000000005	
254	9825.714285714284	Juinagar 	32000.0	up	0.6	34160.000000000015	
244	9837.142857142857	Chunabhatti 	13000.0	down	0.6	10999.999999999996	
292	9837.142857142857	Chunabhatti 	13000.0	down	0.6	10999.999999999996	
202	9848.57142857143	Mansarovar 	43000.0	down	0.6	40880.000000000015	
210	9848.57142857143	Mansarovar 	43000.0	down	0.6	40880.000000000015	
291	9848.57142857143	Mansarovar 	43000.0	down	0.6	40880.000000000015	
239	10000.0	 G.T.B.nagar	11000.0	down	0.0	0.0	
240	10000.0	 G.T.B.nagar	11000.0	down	0.0	0.0	
262	10000.0	 G.T.B.nagar	11000.0	down	0.0	0.0	
298	10000.0	 G.T.B.nagar	11000.0	down	0.0	0.0	
200	10011.428571428572	Kharghar 	41000.0	down	0.0	0.0	
211	10011.428571428572	Kharghar 	41000.0	down	0.0	0.0	
299	10011.428571428572	Kharghar 	41000.0	down	0.0	0.0	
278	10014.285714285717	Sandhurst Road 	3000.0	up	0.0	0.0	
221	10091.428571428576	 G.T.B.nagar	11000.0	up	0.0	0.0	
293	10105.71428571429	Chembur 	17000.0	down	0.0	0.0	
216	10125.71428571429	Reay Road 	4000.0	up	0.0	0.0	
294	10125.71428571429	Reay Road 	4000.0	up	0.0	0.0	
297	10125.71428571429	Reay Road 	4000.0	up	0.0	0.0	
256	10134.285714285716	Nerul 	34000.0	up	0.0	0.0	
238	10162.857142857143	Wadala 	9000.0	down	0.0	0.0	
250	10162.857142857143	Wadala 	9000.0	down	0.0	0.0	
298	10197.14285714286	Tilak Nagar 	16000.0	down	0.0	0.0	
247	10217.14285714286	Cotton Green 	5000.0	up	0.0	0.0	
268	10217.14285714286	Cotton Green 	5000.0	up	0.0	0.0	
212	10245.714285714286	CBD Belapur 	38000.0	down	0.0	0.0	
241	10245.714285714286	CBD Belapur 	38000.0	down	0.0	0.0	
263	10245.714285714286	CBD Belapur 	38000.0	down	0.0	0.0	
265	10245.714285714286	CBD Belapur 	38000.0	down	0.0	0.0	
272	10245.714285714286	CBD Belapur 	38000.0	down	0.0	0.0	
290	10254.28571428572	Chunabhatti 	13000.0	up	0.0	0.0	
211	10391.428571428572	CBD Belapur 	38000.0	down	0.0	0.0	
248	10408.57142857143	Seawoods-Darave 	36000.0	down	0.0	0.0	
279	10408.57142857143	Seawoods-Darave 	36000.0	down	0.0	0.0	
283	10417.142857142862	Kurla 	15000.0	up	0.0	0.0	
257	10508.571428571433	Tilak Nagar 	16000.0	up	0.0	0.0	
264	10571.428571428572	Nerul 	34000.0	down	0.0	0.0	
295	10571.428571428572	Nerul 	34000.0	down	0.0	0.0	
204	10580.0	Reay Road 	4000.0	down	0.0	0.0	
229	10600.000000000004	Chembur 	17000.0	up	0.0	0.0	
261	10600.000000000004	Chembur 	17000.0	up	0.0	0.0	
214	10614.285714285717	 G.T.B.nagar	11000.0	down	0.0	0.0	
250	10614.285714285717	 G.T.B.nagar	11000.0	down	0.0	0.0	
287	10705.71428571429	 G.T.B.nagar	11000.0	up	0.0	0.0	
218	10734.285714285716	Juinagar 	32000.0	down	0.0	0.0	
284	10734.285714285716	Juinagar 	32000.0	down	0.0	0.0	
216	10880.000000000002	Juinagar 	32000.0	down	0.0	0.0	
266	10925.71428571429	Mankhurd 	21000.0	up	0.0	0.0	
283	10988.57142857143	Vashi 	29000.0	down	0.0	0.0	
227	11031.428571428576	Kurla 	15000.0	up	0.0	0.0	
213	11108.57142857143	Masjid Bunder 	2000.0	up	0.0	0.0	
254	11108.57142857143	Masjid Bunder 	2000.0	up	0.0	0.0	
260	11108.57142857143	Masjid Bunder 	2000.0	up	0.0	0.0	
278	11108.57142857143	Masjid Bunder 	2000.0	up	0.0	0.0	
289	11194.285714285717	Reay Road 	4000.0	down	0.0	0.0	
209	11200.0	Sandhurst Road 	3000.0	up	0.0	0.0	
269	11200.0	Sandhurst Road 	3000.0	up	0.0	0.0	
239	11214.285714285717	Chembur 	17000.0	up	0.0	0.0	
251	11250.000000000004	Dockyard Road 	3500.0	down	0.0	0.0	
231	11255.714285714286	Dockyard Road 	3500.0	up	0.0	0.0	
256	11255.714285714286	Dockyard Road 	3500.0	up	0.0	0.0	
206	11305.71428571429	Sandhurst Road 	3000.0	down	0.0	0.0	
292	11311.428571428572	Reay Road 	4000.0	up	0.0	0.0	
230	11402.857142857143	Cotton Green 	5000.0	up	0.0	0.0	
237	11402.857142857143	Cotton Green 	5000.0	up	0.0	0.0	
238	11402.857142857143	Cotton Green 	5000.0	up	0.0	0.0	
262	11402.857142857143	Cotton Green 	5000.0	up	0.0	0.0	
274	11402.857142857143	Cotton Green 	5000.0	up	0.0	0.0	
203	11414.285714285712	Khandeshwar 	46000.0	down	0.0	0.0	
220	11414.285714285712	Khandeshwar 	46000.0	down	0.0	0.0	
252	11414.285714285712	Khandeshwar 	46000.0	down	0.0	0.0	
273	11414.285714285712	Khandeshwar 	46000.0	down	0.0	0.0	
276	11540.000000000004	Mankhurd 	21000.0	up	0.0	0.0	
217	11580.0	Mankhurd 	21000.0	down	0.0	0.0	
257	11580.0	Mankhurd 	21000.0	down	0.0	0.0	
298	11608.571428571431	Sanpada 	30000.0	up	0.0	0.0	
211	11648.571428571426	Mansarovar 	43000.0	down	0.0	0.0	
271	11648.571428571426	Mansarovar 	43000.0	down	0.0	0.0	
245	11722.857142857147	Masjid Bunder 	2000.0	up	0.0	0.0	
256	11722.857142857147	Masjid Bunder 	2000.0	up	0.0	0.0	
205	11728.57142857143	Wadala 	9000.0	up	0.0	0.0	
288	11742.857142857143	Govandi 	19000.0	down	0.0	0.0	
293	11742.857142857143	Govandi 	19000.0	down	0.0	0.0	
233	11811.428571428569	Kharghar 	41000.0	down	0.0	0.0	
247	11811.428571428569	Kharghar 	41000.0	down	0.0	0.0	
258	11811.428571428569	Kharghar 	41000.0	down	0.0	0.0	
275	11814.285714285717	Sandhurst Road 	3000.0	up	0.0	0.0	
223	11905.714285714286	Chembur 	17000.0	down	0.0	0.0	
253	11905.714285714286	Chembur 	17000.0	down	0.0	0.0	
285	11905.714285714286	Chembur 	17000.0	down	0.0	0.0	
286	11905.714285714286	Chembur 	17000.0	down	0.0	0.0	
238	11957.142857142857	Kharghar 	41000.0	down	0.0	0.0	
224	12045.714285714283	CBD Belapur 	38000.0	down	0.0	0.0	
236	12045.714285714283	CBD Belapur 	38000.0	down	0.0	0.0	
217	12054.285714285716	Chunabhatti 	13000.0	up	0.0	0.0	
287	12054.285714285716	Chunabhatti 	13000.0	up	0.0	0.0	
225	12088.571428571428	Kurla 	15000.0	down	0.0	0.0	
273	12088.571428571428	Kurla 	15000.0	down	0.0	0.0	
277	12088.571428571428	Kurla 	15000.0	down	0.0	0.0	
250	12097.14285714286	Seawoods-Darave 	36000.0	up	0.0	0.0	
265	12097.14285714286	Seawoods-Darave 	36000.0	up	0.0	0.0	
278	12097.14285714286	Seawoods-Darave 	36000.0	up	0.0	0.0	
246	12142.857142857143	Tilak Nagar 	16000.0	down	0.0	0.0	
252	12174.285714285716	Khandeshwar 	46000.0	down	0.0	0.0	
297	12174.285714285716	Khandeshwar 	46000.0	down	0.0	0.0	
235	12180.000000000004	Sewri 	7000.0	up	0.0	0.0	
234	12208.571428571426	Seawoods-Darave 	36000.0	down	0.0	0.0	
244	12208.571428571426	Seawoods-Darave 	36000.0	down	0.0	0.0	
274	12251.42857142857	Chunabhatti 	13000.0	down	0.0	0.0	
240	12260.000000000004	CBD Belapur 	38000.0	up	0.0	0.0	
232	12308.57142857143	Tilak Nagar 	16000.0	up	0.0	0.0	
253	12308.57142857143	Tilak Nagar 	16000.0	up	0.0	0.0	
264	12371.428571428569	Nerul 	34000.0	down	0.0	0.0	
266	12371.428571428569	Nerul 	34000.0	down	0.0	0.0	
294	12397.142857142857	Chunabhatti 	13000.0	down	0.0	0.0	
289	12400.0	Chembur 	17000.0	up	0.0	0.0	
202	12505.71428571429	 G.T.B.nagar	11000.0	up	0.0	0.0	
299	12505.71428571429	 G.T.B.nagar	11000.0	up	0.0	0.0	
249	12534.285714285712	Juinagar 	32000.0	down	0.0	0.0	
213	12562.857142857143	Govandi 	19000.0	up	0.0	0.0	
281	12562.857142857143	Govandi 	19000.0	up	0.0	0.0	
259	12697.142857142855	Sanpada 	30000.0	down	0.0	0.0	
265	12697.142857142855	Sanpada 	30000.0	down	0.0	0.0	
206	12725.714285714286	Mankhurd 	21000.0	up	0.0	0.0	
222	12740.0	Sewri 	7000.0	down	0.0	0.0	
227	12740.0	Sewri 	7000.0	down	0.0	0.0	
261	12788.571428571426	Vashi 	29000.0	down	0.0	0.0	
211	12805.714285714286	CBD Belapur 	38000.0	down	0.0	0.0	
226	12831.428571428576	Kurla 	15000.0	up	0.0	0.0	
278	12902.857142857143	Cotton Green 	5000.0	down	0.0	0.0	
296	12902.857142857143	Cotton Green 	5000.0	down	0.0	0.0	
222	12922.857142857147	Tilak Nagar 	16000.0	up	0.0	0.0	
260	12968.57142857143	Seawoods-Darave 	36000.0	down	0.0	0.0	
296	13068.571428571433	Tilak Nagar 	16000.0	up	0.0	0.0	
277	13131.428571428572	Nerul 	34000.0	down	0.0	0.0	
283	13140.0	Reay Road 	4000.0	down	0.0	0.0	
268	13294.285714285716	Juinagar 	32000.0	down	0.0	0.0	
253	13317.142857142857	Vashi 	29000.0	up	0.0	0.0	
293	13360.000000000002	Khandeshwar 	46000.0	down	0.0	0.0	
224	13379.999999999996	Mankhurd 	21000.0	down	0.0	0.0	
241	13379.999999999996	Mankhurd 	21000.0	down	0.0	0.0	
248	13379.999999999996	Mankhurd 	21000.0	down	0.0	0.0	
284	13408.571428571428	Sanpada 	30000.0	up	0.0	0.0	
274	13457.142857142859	Sanpada 	30000.0	down	0.0	0.0	
279	13522.857142857143	Masjid Bunder 	2000.0	up	0.0	0.0	
236	13542.85714285714	Govandi 	19000.0	down	0.0	0.0	
273	13594.285714285716	Mansarovar 	43000.0	down	0.0	0.0	
217	13614.285714285714	Sandhurst Road 	3000.0	up	0.0	0.0	
229	13614.285714285714	Sandhurst Road 	3000.0	up	0.0	0.0	
263	13670.0	Dockyard Road 	3500.0	up	0.0	0.0	
299	13670.0	Dockyard Road 	3500.0	up	0.0	0.0	
225	13725.714285714286	Reay Road 	4000.0	up	0.0	0.0	
291	13725.714285714286	Reay Road 	4000.0	up	0.0	0.0	
298	13725.714285714286	Reay Road 	4000.0	up	0.0	0.0	
278	13757.142857142859	Kharghar 	41000.0	down	0.0	0.0	
282	13757.142857142859	Kharghar 	41000.0	down	0.0	0.0	
230	13797.142857142853	Tilak Nagar 	16000.0	down	0.0	0.0	
212	13817.142857142857	Cotton Green 	5000.0	up	0.0	0.0	
245	13817.142857142857	Cotton Green 	5000.0	up	0.0	0.0	
246	13817.142857142857	Cotton Green 	5000.0	up	0.0	0.0	
249	13942.857142857141	Tilak Nagar 	16000.0	down	0.0	0.0	
241	13974.285714285716	Khandeshwar 	46000.0	down	0.0	0.0	
252	13980.0	Sewri 	7000.0	up	0.0	0.0	
284	13980.0	Sewri 	7000.0	up	0.0	0.0	
294	13980.0	Sewri 	7000.0	up	0.0	0.0	
218	14051.428571428567	Chunabhatti 	13000.0	down	0.0	0.0	
236	14125.714285714286	Sewri 	7000.0	up	0.0	0.0	
267	14142.857142857143	Wadala 	9000.0	up	0.0	0.0	
253	14185.714285714288	Juinagar 	32000.0	up	0.0	0.0	
275	14214.28571428571	 G.T.B.nagar	11000.0	down	0.0	0.0	
202	14288.57142857143	Wadala 	9000.0	up	0.0	0.0	
276	14294.285714285714	Kharghar 	41000.0	up	0.0	0.0	
200	14305.714285714286	 G.T.B.nagar	11000.0	up	0.0	0.0	
238	14317.142857142859	Nerul 	34000.0	down	0.0	0.0	
240	14317.142857142859	Nerul 	34000.0	down	0.0	0.0	
266	14317.142857142859	Nerul 	34000.0	down	0.0	0.0	
271	14317.142857142859	Nerul 	34000.0	down	0.0	0.0	
288	14317.142857142859	Nerul 	34000.0	down	0.0	0.0	
232	14377.142857142853	Wadala 	9000.0	down	0.0	0.0	
285	14468.57142857143	Chunabhatti 	13000.0	up	0.0	0.0	
205	14480.000000000002	Juinagar 	32000.0	down	0.0	0.0	
273	14480.000000000002	Juinagar 	32000.0	down	0.0	0.0	
224	14522.857142857141	Wadala 	9000.0	down	0.0	0.0	
254	14539.999999999996	Sewri 	7000.0	down	0.0	0.0	
276	14557.142857142857	Tilak Nagar 	16000.0	down	0.0	0.0	
206	14642.857142857145	Sanpada 	30000.0	down	0.0	0.0	
222	14648.571428571428	Kurla 	15000.0	down	0.0	0.0	
239	14702.85714285714	Cotton Green 	5000.0	down	0.0	0.0	
244	14702.85714285714	Cotton Green 	5000.0	down	0.0	0.0	
289	14702.85714285714	Cotton Green 	5000.0	down	0.0	0.0	
296	14722.857142857143	Tilak Nagar 	16000.0	up	0.0	0.0	
281	14734.285714285716	Vashi 	29000.0	down	0.0	0.0	
265	14768.57142857143	Seawoods-Darave 	36000.0	down	0.0	0.0	
233	14794.28571428571	Reay Road 	4000.0	down	0.0	0.0	
268	14811.42857142857	Chunabhatti 	13000.0	down	0.0	0.0	
216	14814.285714285714	Chembur 	17000.0	up	0.0	0.0	
269	14814.285714285714	Chembur 	17000.0	up	0.0	0.0	
283	14814.285714285714	Chembur 	17000.0	up	0.0	0.0	
250	14905.714285714283	Sandhurst Road 	3000.0	down	0.0	0.0	
226	14974.285714285714	 G.T.B.nagar	11000.0	down	0.0	0.0	
212	14977.142857142857	Govandi 	19000.0	up	0.0	0.0	
286	14977.142857142857	Govandi 	19000.0	up	0.0	0.0	
208	15137.142857142857	Wadala 	9000.0	down	0.0	0.0	
218	15137.142857142857	Wadala 	9000.0	down	0.0	0.0	
232	15159.999999999998	Khandeshwar 	46000.0	down	0.0	0.0	
244	15159.999999999998	Khandeshwar 	46000.0	down	0.0	0.0	
203	15322.85714285714	Masjid Bunder 	2000.0	up	0.0	0.0	
260	15322.85714285714	Masjid Bunder 	2000.0	up	0.0	0.0	
256	15325.714285714286	Mankhurd 	21000.0	down	0.0	0.0	
264	15325.714285714286	Mankhurd 	21000.0	down	0.0	0.0	
275	15325.714285714286	Mankhurd 	21000.0	down	0.0	0.0	
291	15394.285714285712	Mansarovar 	43000.0	down	0.0	0.0	
200	15414.28571428571	Sandhurst Road 	3000.0	up	0.0	0.0	
220	15414.28571428571	Sandhurst Road 	3000.0	up	0.0	0.0	
254	15414.28571428571	Sandhurst Road 	3000.0	up	0.0	0.0	
263	15414.28571428571	Sandhurst Road 	3000.0	up	0.0	0.0	
202	15469.999999999996	Dockyard Road 	3500.0	up	0.0	0.0	
243	15469.999999999996	Dockyard Road 	3500.0	up	0.0	0.0	
252	15469.999999999996	Dockyard Road 	3500.0	up	0.0	0.0	
234	15525.714285714283	Reay Road 	4000.0	up	0.0	0.0	
269	15525.714285714283	Reay Road 	4000.0	up	0.0	0.0	
289	15525.714285714283	Reay Road 	4000.0	up	0.0	0.0	
261	15554.285714285714	Reay Road 	4000.0	down	0.0	0.0	
235	15557.142857142855	Kharghar 	41000.0	down	0.0	0.0	
237	15557.142857142855	Kharghar 	41000.0	down	0.0	0.0	
249	15557.142857142855	Kharghar 	41000.0	down	0.0	0.0	
274	15557.142857142855	Kharghar 	41000.0	down	0.0	0.0	
293	15651.428571428572	Chembur 	17000.0	down	0.0	0.0	
292	15731.42857142857	Vashi 	29000.0	up	0.0	0.0	
246	15742.857142857143	Tilak Nagar 	16000.0	down	0.0	0.0	
288	15742.857142857143	Tilak Nagar 	16000.0	down	0.0	0.0	
225	15779.999999999996	Sewri 	7000.0	up	0.0	0.0	
211	15791.428571428569	CBD Belapur 	38000.0	down	0.0	0.0	
242	15791.428571428569	CBD Belapur 	38000.0	down	0.0	0.0	
250	15834.285714285714	Kurla 	15000.0	down	0.0	0.0	
220	15920.000000000002	Khandeshwar 	46000.0	down	0.0	0.0	
294	15940.0	Mankhurd 	21000.0	down	0.0	0.0	
209	15942.85714285714	Wadala 	9000.0	up	0.0	0.0	
233	15942.85714285714	Wadala 	9000.0	up	0.0	0.0	
224	15954.285714285712	Seawoods-Darave 	36000.0	down	0.0	0.0	
240	15954.285714285712	Seawoods-Darave 	36000.0	down	0.0	0.0	
217	15985.714285714284	Juinagar 	32000.0	up	0.0	0.0	
212	15997.142857142857	Chunabhatti 	13000.0	down	0.0	0.0	
222	16008.57142857143	Mansarovar 	43000.0	down	0.0	0.0	
244	16102.857142857143	Govandi 	19000.0	down	0.0	0.0	
213	16105.714285714283	 G.T.B.nagar	11000.0	up	0.0	0.0	
245	16105.714285714283	 G.T.B.nagar	11000.0	up	0.0	0.0	
277	16105.714285714283	 G.T.B.nagar	11000.0	up	0.0	0.0	
218	16148.571428571428	Nerul 	34000.0	up	0.0	0.0	
267	16148.571428571428	Nerul 	34000.0	up	0.0	0.0	
208	16160.0	 G.T.B.nagar	11000.0	down	0.0	0.0	
282	16174.285714285714	Sandhurst Road 	3000.0	up	0.0	0.0	
226	16279.999999999998	Juinagar 	32000.0	down	0.0	0.0	
287	16285.714285714286	Reay Road 	4000.0	up	0.0	0.0	
271	16311.42857142857	Seawoods-Darave 	36000.0	up	0.0	0.0	
230	16322.857142857143	Wadala 	9000.0	down	0.0	0.0	
218	16405.714285714286	CBD Belapur 	38000.0	down	0.0	0.0	
291	16431.42857142857	Kurla 	15000.0	up	0.0	0.0	
247	16522.85714285714	Tilak Nagar 	16000.0	up	0.0	0.0	
261	16522.85714285714	Tilak Nagar 	16000.0	up	0.0	0.0	
250	16534.285714285714	Vashi 	29000.0	down	0.0	0.0	
284	16534.285714285714	Vashi 	29000.0	down	0.0	0.0	
253	16539.999999999996	Sewri 	7000.0	up	0.0	0.0	
234	16551.428571428572	CBD Belapur 	38000.0	down	0.0	0.0	
279	16551.428571428572	CBD Belapur 	38000.0	down	0.0	0.0	
256	16614.285714285714	Chembur 	17000.0	up	0.0	0.0	
259	16614.285714285714	Chembur 	17000.0	up	0.0	0.0	
266	16708.571428571428	Kharghar 	41000.0	up	0.0	0.0	
265	16731.42857142857	Nerul 	34000.0	down	0.0	0.0	
229	16774.28571428571	 G.T.B.nagar	11000.0	down	0.0	0.0	
281	16774.28571428571	 G.T.B.nagar	11000.0	down	0.0	0.0	
276	16894.28571428571	Juinagar 	32000.0	down	0.0	0.0	
273	16939.999999999996	Mankhurd 	21000.0	up	0.0	0.0	
297	16942.857142857145	Masjid Bunder 	2000.0	down	0.0	0.0	
213	17125.714285714286	Mankhurd 	21000.0	down	0.0	0.0	
216	17125.714285714286	Mankhurd 	21000.0	down	0.0	0.0	
264	17125.714285714286	Mankhurd 	21000.0	down	0.0	0.0	
271	17125.714285714286	Mankhurd 	21000.0	down	0.0	0.0	
220	17148.571428571424	Vashi 	29000.0	down	0.0	0.0	
252	17148.571428571424	Vashi 	29000.0	down	0.0	0.0	
217	17191.42857142856	Kurla 	15000.0	up	0.0	0.0	
206	17268.571428571428	Masjid Bunder 	2000.0	up	0.0	0.0	
243	17360.0	Sandhurst Road 	3000.0	up	0.0	0.0	
245	17360.0	Sandhurst Road 	3000.0	up	0.0	0.0	
282	17360.0	Sandhurst Road 	3000.0	up	0.0	0.0	
299	17360.0	Sandhurst Road 	3000.0	up	0.0	0.0	
288	17451.42857142857	Chembur 	17000.0	down	0.0	0.0	
230	17531.42857142857	Vashi 	29000.0	up	0.0	0.0	
241	17537.142857142848	Govandi 	19000.0	up	0.0	0.0	
274	17562.857142857145	Cotton Green 	5000.0	up	0.0	0.0	
280	17562.857142857145	Cotton Green 	5000.0	up	0.0	0.0	
294	17562.857142857145	Cotton Green 	5000.0	up	0.0	0.0	
298	17574.28571428571	Khandeshwar 	46000.0	down	0.0	0.0	
282	17622.85714285714	Sanpada 	30000.0	up	0.0	0.0	
244	17634.285714285714	Kurla 	15000.0	down	0.0	0.0	
297	17634.285714285714	Kurla 	15000.0	down	0.0	0.0	
208	17725.714285714286	Sewri 	7000.0	up	0.0	0.0	
222	17797.142857142855	Chunabhatti 	13000.0	down	0.0	0.0	
226	17808.571428571424	Mansarovar 	43000.0	down	0.0	0.0	
248	17808.571428571424	Mansarovar 	43000.0	down	0.0	0.0	
253	17808.571428571424	Mansarovar 	43000.0	down	0.0	0.0	
287	17808.571428571424	Mansarovar 	43000.0	down	0.0	0.0	
293	17808.571428571424	Mansarovar 	43000.0	down	0.0	0.0	
296	17808.571428571424	Mansarovar 	43000.0	down	0.0	0.0	
229	17882.857142857134	Masjid Bunder 	2000.0	up	0.0	0.0	
203	17888.571428571428	Wadala 	9000.0	up	0.0	0.0	
256	17888.571428571428	Wadala 	9000.0	up	0.0	0.0	
236	17948.571428571424	Nerul 	34000.0	up	0.0	0.0	
205	17959.999999999996	 G.T.B.nagar	11000.0	down	0.0	0.0	
281	17959.999999999996	 G.T.B.nagar	11000.0	down	0.0	0.0	
278	17971.428571428565	Kharghar 	41000.0	down	0.0	0.0	
200	17974.285714285706	Sandhurst Road 	3000.0	up	0.0	0.0	
212	17974.285714285706	Sandhurst Road 	3000.0	up	0.0	0.0	
249	18051.42857142857	 G.T.B.nagar	11000.0	up	0.0	0.0	
250	18051.42857142857	 G.T.B.nagar	11000.0	up	0.0	0.0	
209	18065.71428571428	Chembur 	17000.0	down	0.0	0.0	
289	18065.71428571428	Chembur 	17000.0	down	0.0	0.0	
202	18085.71428571428	Reay Road 	4000.0	up	0.0	0.0	
233	18122.857142857138	Wadala 	9000.0	down	0.0	0.0	
240	18177.14285714285	Cotton Green 	5000.0	up	0.0	0.0	
282	18177.14285714285	Cotton Green 	5000.0	up	0.0	0.0	
293	18214.28571428571	Chunabhatti 	13000.0	up	0.0	0.0	
243	18248.571428571424	Kurla 	15000.0	down	0.0	0.0	
266	18285.71428571428	Sewri 	7000.0	down	0.0	0.0	
246	18368.57142857142	Seawoods-Darave 	36000.0	down	0.0	0.0	
287	18377.14285714285	Kurla 	15000.0	up	0.0	0.0	
247	18382.857142857134	Sanpada 	30000.0	up	0.0	0.0	
237	18468.571428571424	Tilak Nagar 	16000.0	up	0.0	0.0	
284	18468.571428571424	Tilak Nagar 	16000.0	up	0.0	0.0	
230	18502.857142857134	Wadala 	9000.0	up	0.0	0.0	
243	18531.42857142856	Nerul 	34000.0	down	0.0	0.0	
242	18539.999999999993	Reay Road 	4000.0	down	0.0	0.0	
291	18539.999999999993	Reay Road 	4000.0	down	0.0	0.0	
235	18559.999999999996	Chembur 	17000.0	up	0.0	0.0	
259	18651.428571428565	Sandhurst Road 	3000.0	down	0.0	0.0	
274	18677.142857142844	Nerul 	34000.0	down	0.0	0.0	
254	18694.285714285703	Juinagar 	32000.0	down	0.0	0.0	
264	18694.285714285703	Juinagar 	32000.0	down	0.0	0.0	
285	18708.571428571417	Nerul 	34000.0	up	0.0	0.0	
261	18719.999999999993	 G.T.B.nagar	11000.0	down	0.0	0.0	
213	18722.857142857138	Govandi 	19000.0	up	0.0	0.0	
244	18737.142857142848	Wadala 	9000.0	down	0.0	0.0	
265	18737.142857142848	Wadala 	9000.0	down	0.0	0.0	
217	18742.857142857138	Masjid Bunder 	2000.0	down	0.0	0.0	
224	18857.142857142844	Sanpada 	30000.0	down	0.0	0.0	
260	18857.142857142844	Sanpada 	30000.0	down	0.0	0.0	
270	18857.142857142844	Sanpada 	30000.0	down	0.0	0.0	
285	18948.571428571417	Vashi 	29000.0	down	0.0	0.0	
247	18991.428571428558	Kurla 	15000.0	up	0.0	0.0	
299	19068.57142857142	Masjid Bunder 	2000.0	up	0.0	0.0	
289	19094.2857142857	Vashi 	29000.0	down	0.0	0.0	
204	19215.71428571428	Dockyard Road 	3500.0	up	0.0	0.0	
216	19215.71428571428	Dockyard Road 	3500.0	up	0.0	0.0	
233	19271.428571428565	Reay Road 	4000.0	up	0.0	0.0	
246	19337.142857142844	Govandi 	19000.0	up	0.0	0.0	
226	19362.857142857138	Cotton Green 	5000.0	up	0.0	0.0	
238	19362.857142857138	Cotton Green 	5000.0	up	0.0	0.0	
252	19362.857142857138	Cotton Green 	5000.0	up	0.0	0.0	
291	19362.857142857138	Cotton Green 	5000.0	up	0.0	0.0	
211	19374.285714285703	Khandeshwar 	46000.0	down	0.0	0.0	
273	19374.285714285703	Khandeshwar 	46000.0	down	0.0	0.0	
293	19525.71428571428	Sewri 	7000.0	up	0.0	0.0	
266	19539.99999999999	Mankhurd 	21000.0	down	0.0	0.0	
206	19568.571428571424	Sanpada 	30000.0	up	0.0	0.0	
230	19608.571428571417	Mansarovar 	43000.0	down	0.0	0.0	
234	19608.571428571417	Mansarovar 	43000.0	down	0.0	0.0	
241	19608.571428571417	Mansarovar 	43000.0	down	0.0	0.0	
281	19608.571428571417	Mansarovar 	43000.0	down	0.0	0.0	
282	19682.85714285713	Masjid Bunder 	2000.0	up	0.0	0.0	
279	19688.57142857142	Wadala 	9000.0	up	0.0	0.0	
205	19702.85714285713	Govandi 	19000.0	down	0.0	0.0	
218	19702.85714285713	Govandi 	19000.0	down	0.0	0.0	
259	19731.428571428565	Juinagar 	32000.0	up	0.0	0.0	
204	19771.428571428558	Kharghar 	41000.0	down	0.0	0.0	
269	19771.428571428558	Kharghar 	41000.0	down	0.0	0.0	
288	19771.428571428558	Kharghar 	41000.0	down	0.0	0.0	
276	19774.285714285703	Sandhurst Road 	3000.0	up	0.0	0.0	
208	19829.99999999999	Dockyard Road 	3500.0	up	0.0	0.0	
267	19865.71428571427	Chembur 	17000.0	down	0.0	0.0	
