SimTime,reputation
0.0,0.4500000000000241
1000.0,0.4500000000000241
2000.0,0.4500000000000241
3000.0,0.4500000000000241
4000.0,0.4500000000000241
5000.0,0.4500000000000241
6000.0,0.4500000000000241
7000.0,0.4500000000000241
8000.0,0.4500000000000241
9000.0,0.4500000000000241
10000.0,0.4500000000000241
11000.0,0.4500000000000241
12000.0,0.4500000000000241
13000.0,0.4500000000000241
14000.0,0.4500000000000241
15000.0,0.4500000000000241
16000.0,0.4500000000000241
17000.0,0.4500000000000241
18000.0,0.4500000000000241
19000.0,0.4500000000000241
20000.0,0.4500000000000241
21000.0,0.4500000000000241
22000.0,0.4500000000000241
23000.0,0.4500000000000241
24000.0,0.4500000000000241
25000.0,0.4500000000000241
26000.0,0.4500000000000241
27000.0,0.4500000000000241
28000.0,0.4500000000000241
29000.0,0.4500000000000241
30000.0,0.4500000000000241
31000.0,0.4500000000000241
32000.0,0.4500000000000241
33000.0,0.4500000000000241
34000.0,0.4500000000000241
35000.0,0.4500000000000241
36000.0,0.4500000000000241
37000.0,0.4500000000000241
38000.0,0.4500000000000241
39000.0,0.4500000000000241
40000.0,0.4500000000000241
41000.0,0.4500000000000241
42000.0,0.4500000000000241
43000.0,0.4500000000000241
44000.0,0.4500000000000241
45000.0,0.4500000000000241
46000.0,0.4500000000000241
47000.0,0.4500000000000241
48000.0,0.4500000000000241
49000.0,0.4500000000000241
50000.0,0.4500000000000241
51000.0,0.4500000000000241
52000.0,0.4500000000000241
53000.0,0.4500000000000241
54000.0,0.4500000000000241
55000.0,0.4500000000000241
56000.0,0.4500000000000241
57000.0,0.4500000000000241
58000.0,0.4500000000000241
59000.0,0.4500000000000241
60000.0,0.4500000000000241
61000.0,0.4500000000000241
62000.0,0.4500000000000241
63000.0,0.4500000000000241
64000.0,0.4500000000000241
65000.0,0.4500000000000241
66000.0,0.4500000000000241
67000.0,0.4500000000000241
68000.0,0.4500000000000241
69000.0,0.4500000000000241
70000.0,0.4500000000000241
71000.0,0.4500000000000241
72000.0,0.4500000000000241
73000.0,0.4500000000000241
74000.0,0.4500000000000241
75000.0,0.4500000000000241
76000.0,0.4500000000000241
77000.0,0.4500000000000241
78000.0,0.4500000000000241
79000.0,0.4500000000000241
80000.0,0.4500000000000241
81000.0,0.4500000000000241
82000.0,0.4500000000000241
83000.0,0.4500000000000241
84000.0,0.4500000000000241
85000.0,0.4500000000000241
86000.0,0.4500000000000241
87000.0,0.3999999999999948
88000.0,0.3999999999999948
89000.0,0.3999999999999948
90000.0,0.3999999999999948
91000.0,0.3999999999999948
92000.0,0.3999999999999948
93000.0,0.3999999999999948
94000.0,0.3999999999999948
95000.0,0.3999999999999948
96000.0,0.3999999999999948
97000.0,0.3999999999999948
98000.0,0.3999999999999948
99000.0,0.3999999999999948
100000.0,0.3999999999999948
101000.0,0.3999999999999948
102000.0,0.3999999999999948
103000.0,0.3999999999999948
104000.0,0.3999999999999948
105000.0,0.3999999999999948
106000.0,0.3999999999999948
107000.0,0.3999999999999948
108000.0,0.3999999999999948
109000.0,0.3999999999999948
110000.0,0.3999999999999948
111000.0,0.3999999999999948
112000.0,0.3999999999999948
113000.0,0.3999999999999948
114000.0,0.3999999999999948
115000.0,0.3999999999999948
116000.0,0.3999999999999948
117000.0,0.3999999999999948
118000.0,0.3999999999999948
119000.0,0.3999999999999948
120000.0,0.3999999999999948
121000.0,0.3999999999999948
122000.0,0.3999999999999948
123000.0,0.3999999999999948
124000.0,0.3999999999999948
125000.0,0.3999999999999948
126000.0,0.3999999999999948
127000.0,0.3999999999999948
128000.0,0.3999999999999948
129000.0,0.3999999999999948
130000.0,0.3999999999999948
131000.0,0.3999999999999948
132000.0,0.3999999999999948
133000.0,0.3999999999999948
134000.0,0.3999999999999948
135000.0,0.3999999999999948
136000.0,0.3999999999999948
137000.0,0.3999999999999948
138000.0,0.3999999999999948
139000.0,0.3999999999999948
140000.0,0.3999999999999948
141000.0,0.3999999999999948
142000.0,0.3999999999999948
143000.0,0.3999999999999948
144000.0,0.3999999999999948
145000.0,0.3999999999999948
146000.0,0.3999999999999948
147000.0,0.3999999999999948
148000.0,0.3999999999999948
149000.0,0.3999999999999948
150000.0,0.3999999999999948
151000.0,0.3999999999999948
152000.0,0.3999999999999948
153000.0,0.3999999999999948
154000.0,0.3999999999999948
155000.0,0.3999999999999948
156000.0,0.3999999999999948
157000.0,0.3999999999999948
158000.0,0.3999999999999948
159000.0,0.3999999999999948
160000.0,0.3999999999999948
161000.0,0.3999999999999948
162000.0,0.3999999999999948
163000.0,0.3999999999999948
164000.0,0.3999999999999948
165000.0,0.3999999999999948
166000.0,0.3999999999999948
167000.0,0.3999999999999948
168000.0,0.3999999999999948
169000.0,0.3999999999999948
170000.0,0.3999999999999948
171000.0,0.3999999999999948
172000.0,0.3999999999999948
173000.0,0.35000000000001585
174000.0,0.35000000000001585
175000.0,0.35000000000001585
176000.0,0.35000000000001585
177000.0,0.35000000000001585
178000.0,0.35000000000001585
179000.0,0.35000000000001585
180000.0,0.35000000000001585
181000.0,0.35000000000001585
182000.0,0.35000000000001585
183000.0,0.35000000000001585
184000.0,0.35000000000001585
185000.0,0.35000000000001585
186000.0,0.35000000000001585
187000.0,0.35000000000001585
188000.0,0.35000000000001585
189000.0,0.35000000000001585
190000.0,0.35000000000001585
191000.0,0.35000000000001585
192000.0,0.35000000000001585
193000.0,0.35000000000001585
194000.0,0.35000000000001585
195000.0,0.35000000000001585
196000.0,0.35000000000001585
197000.0,0.35000000000001585
198000.0,0.35000000000001585
199000.0,0.35000000000001585
200000.0,0.35000000000001585
201000.0,0.35000000000001585
202000.0,0.35000000000001585
203000.0,0.35000000000001585
204000.0,0.35000000000001585
205000.0,0.35000000000001585
206000.0,0.35000000000001585
207000.0,0.35000000000001585
208000.0,0.35000000000001585
209000.0,0.35000000000001585
210000.0,0.35000000000001585
211000.0,0.35000000000001585
212000.0,0.35000000000001585
213000.0,0.35000000000001585
214000.0,0.35000000000001585
215000.0,0.35000000000001585
216000.0,0.3500027217819708
217000.0,0.3500027217819708
218000.0,0.3500027217819708
219000.0,0.3500027217819708
220000.0,0.3500027217819708
221000.0,0.3500027217819708
222000.0,0.3500027217819708
223000.0,0.3500027217819708
224000.0,0.3500027217819708
225000.0,0.3500027217819708
226000.0,0.3500027217819708
227000.0,0.3500027217819708
228000.0,0.3500027217819708
229000.0,0.3500027217819708
230000.0,0.3500027217819708
231000.0,0.3500027217819708
232000.0,0.3500027217819708
233000.0,0.3500027217819708
234000.0,0.3500027217819708
235000.0,0.3500027217819708
236000.0,0.3500027217819708
237000.0,0.3500027217819708
238000.0,0.3500027217819708
239000.0,0.3500027217819708
240000.0,0.3500027217819708
241000.0,0.3500027217819708
242000.0,0.3500027217819708
243000.0,0.3500027217819708
244000.0,0.3500027217819708
245000.0,0.3500027217819708
246000.0,0.3500027217819708
247000.0,0.3500027217819708
248000.0,0.3500027217819708
249000.0,0.3500027217819708
250000.0,0.3500027217819708
251000.0,0.3500027217819708
252000.0,0.3500027217819708
253000.0,0.3500027217819708
254000.0,0.3500027217819708
255000.0,0.3500027217819708
256000.0,0.3500027217819708
257000.0,0.3500027217819708
258000.0,0.3500027217819708
259000.0,0.3500027217819708
260000.0,0.3001521995487304
261000.0,0.3001521995487304
262000.0,0.3001521995487304
263000.0,0.3001521995487304
264000.0,0.3001521995487304
265000.0,0.3001521995487304
266000.0,0.3001521995487304
267000.0,0.3001521995487304
268000.0,0.3001521995487304
269000.0,0.3001521995487304
270000.0,0.3001521995487304
271000.0,0.3001521995487304
272000.0,0.3001521995487304
273000.0,0.3001521995487304
274000.0,0.3001521995487304
275000.0,0.3001521995487304
276000.0,0.3001521995487304
277000.0,0.3001521995487304
278000.0,0.3001521995487304
279000.0,0.3001521995487304
280000.0,0.3001521995487304
281000.0,0.3001521995487304
282000.0,0.3001521995487304
283000.0,0.3001521995487304
284000.0,0.3001521995487304
285000.0,0.3001521995487304
286000.0,0.3001521995487304
287000.0,0.3001521995487304
288000.0,0.3001521995487304
289000.0,0.3001521995487304
290000.0,0.3001521995487304
291000.0,0.3001521995487304
292000.0,0.3001521995487304
293000.0,0.3001521995487304
294000.0,0.3001521995487304
295000.0,0.3001521995487304
296000.0,0.3001521995487304
297000.0,0.3001521995487304
298000.0,0.3001521995487304
299000.0,0.3001521995487304
300000.0,0.3001521995487304
301000.0,0.3001521995487304
302000.0,0.3001521995487304
303000.0,0.300203273275845
304000.0,0.300203273275845
305000.0,0.300203273275845
306000.0,0.300203273275845
307000.0,0.300203273275845
308000.0,0.300203273275845
309000.0,0.300203273275845
310000.0,0.300203273275845
311000.0,0.300203273275845
312000.0,0.300203273275845
313000.0,0.300203273275845
314000.0,0.300203273275845
315000.0,0.300203273275845
316000.0,0.300203273275845
317000.0,0.300203273275845
318000.0,0.300203273275845
319000.0,0.300203273275845
320000.0,0.300203273275845
321000.0,0.300203273275845
322000.0,0.300203273275845
323000.0,0.300203273275845
324000.0,0.300203273275845
325000.0,0.300203273275845
326000.0,0.300203273275845
327000.0,0.300203273275845
328000.0,0.300203273275845
329000.0,0.300203273275845
330000.0,0.300203273275845
331000.0,0.300203273275845
332000.0,0.300203273275845
333000.0,0.300203273275845
334000.0,0.300203273275845
335000.0,0.300203273275845
336000.0,0.300203273275845
337000.0,0.300203273275845
338000.0,0.300203273275845
339000.0,0.300203273275845
340000.0,0.300203273275845
341000.0,0.300203273275845
342000.0,0.300203273275845
343000.0,0.300203273275845
344000.0,0.300203273275845
345000.0,0.300203273275845
346000.0,0.2502637047801072
347000.0,0.2502637047801072
348000.0,0.2502637047801072
349000.0,0.2502637047801072
350000.0,0.2502637047801072
351000.0,0.2502637047801072
352000.0,0.2502637047801072
353000.0,0.2502637047801072
354000.0,0.2502637047801072
355000.0,0.2502637047801072
356000.0,0.2502637047801072
357000.0,0.2502637047801072
358000.0,0.2502637047801072
359000.0,0.2502637047801072
360000.0,0.2502637047801072
361000.0,0.2502637047801072
362000.0,0.2502637047801072
363000.0,0.2502637047801072
364000.0,0.2502637047801072
365000.0,0.2502637047801072
366000.0,0.2502637047801072
367000.0,0.2502637047801072
368000.0,0.2502637047801072
369000.0,0.2502637047801072
370000.0,0.2502637047801072
371000.0,0.2502637047801072
372000.0,0.2502637047801072
373000.0,0.2502637047801072
374000.0,0.2502637047801072
375000.0,0.2502637047801072
376000.0,0.2502637047801072
377000.0,0.2502637047801072
378000.0,0.2502637047801072
379000.0,0.2502637047801072
380000.0,0.2502637047801072
381000.0,0.2502637047801072
382000.0,0.2502637047801072
383000.0,0.2502637047801072
384000.0,0.2502637047801072
385000.0,0.2502637047801072
386000.0,0.2502637047801072
387000.0,0.2502637047801072
388000.0,0.2502637047801072
389000.0,0.25043137648278435
390000.0,0.25043137648278435
391000.0,0.25043137648278435
392000.0,0.25043137648278435
393000.0,0.25043137648278435
394000.0,0.25043137648278435
395000.0,0.25043137648278435
396000.0,0.25043137648278435
397000.0,0.25043137648278435
398000.0,0.25043137648278435
399000.0,0.25043137648278435
400000.0,0.25043137648278435
401000.0,0.25043137648278435
402000.0,0.25043137648278435
403000.0,0.25043137648278435
404000.0,0.25043137648278435
405000.0,0.25043137648278435
406000.0,0.25043137648278435
407000.0,0.25043137648278435
408000.0,0.25043137648278435
409000.0,0.25043137648278435
410000.0,0.25043137648278435
411000.0,0.25043137648278435
412000.0,0.25043137648278435
413000.0,0.25043137648278435
414000.0,0.25043137648278435
415000.0,0.25043137648278435
416000.0,0.25043137648278435
417000.0,0.25043137648278435
418000.0,0.25043137648278435
419000.0,0.25043137648278435
420000.0,0.25043137648278435
421000.0,0.25043137648278435
422000.0,0.25043137648278435
423000.0,0.25043137648278435
424000.0,0.25043137648278435
425000.0,0.25043137648278435
426000.0,0.25043137648278435
427000.0,0.25043137648278435
428000.0,0.25043137648278435
429000.0,0.25043137648278435
430000.0,0.25043137648278435
431000.0,0.25043137648278435
432000.0,0.20052068768772044
433000.0,0.20052068768772044
434000.0,0.20052068768772044
435000.0,0.20052068768772044
436000.0,0.20052068768772044
437000.0,0.20052068768772044
438000.0,0.20052068768772044
439000.0,0.20052068768772044
440000.0,0.20052068768772044
441000.0,0.20052068768772044
442000.0,0.20052068768772044
443000.0,0.20052068768772044
444000.0,0.20052068768772044
445000.0,0.20052068768772044
446000.0,0.20052068768772044
447000.0,0.20052068768772044
448000.0,0.20052068768772044
449000.0,0.20052068768772044
450000.0,0.20052068768772044
451000.0,0.20052068768772044
452000.0,0.20052068768772044
453000.0,0.20052068768772044
454000.0,0.20052068768772044
455000.0,0.20052068768772044
456000.0,0.20052068768772044
457000.0,0.20052068768772044
458000.0,0.20052068768772044
459000.0,0.20052068768772044
460000.0,0.20052068768772044
461000.0,0.20052068768772044
462000.0,0.20052068768772044
463000.0,0.20052068768772044
464000.0,0.20052068768772044
465000.0,0.20052068768772044
466000.0,0.20052068768772044
467000.0,0.20052068768772044
468000.0,0.20052068768772044
469000.0,0.20052068768772044
470000.0,0.20052068768772044
471000.0,0.20052068768772044
472000.0,0.20052068768772044
473000.0,0.20052068768772044
474000.0,0.20052068768772044
475000.0,0.20052068768772044
476000.0,0.20061957523557308
477000.0,0.20061957523557308
478000.0,0.20061957523557308
479000.0,0.20061957523557308
480000.0,0.20061957523557308
481000.0,0.20061957523557308
482000.0,0.20061957523557308
483000.0,0.20061957523557308
484000.0,0.20061957523557308
485000.0,0.20061957523557308
486000.0,0.20061957523557308
487000.0,0.20061957523557308
488000.0,0.20061957523557308
489000.0,0.20061957523557308
490000.0,0.20061957523557308
491000.0,0.20061957523557308
492000.0,0.20061957523557308
493000.0,0.20061957523557308
494000.0,0.20061957523557308
495000.0,0.20061957523557308
496000.0,0.20061957523557308
497000.0,0.20061957523557308
498000.0,0.20061957523557308
499000.0,0.20061957523557308
500000.0,0.20061957523557308
501000.0,0.20061957523557308
502000.0,0.20061957523557308
503000.0,0.20061957523557308
504000.0,0.20061957523557308
505000.0,0.20061957523557308
506000.0,0.20061957523557308
507000.0,0.20061957523557308
508000.0,0.20061957523557308
509000.0,0.20061957523557308
510000.0,0.20061957523557308
511000.0,0.20061957523557308
512000.0,0.20061957523557308
513000.0,0.20061957523557308
514000.0,0.20061957523557308
515000.0,0.20061957523557308
516000.0,0.20061957523557308
517000.0,0.20061957523557308
518000.0,0.20061957523557308
519000.0,0.2003889468035941
520000.0,0.2003889468035941
521000.0,0.2003889468035941
522000.0,0.2003889468035941
523000.0,0.2003889468035941
524000.0,0.2003889468035941
525000.0,0.2003889468035941
526000.0,0.2003889468035941
527000.0,0.2003889468035941
528000.0,0.2003889468035941
529000.0,0.2003889468035941
530000.0,0.2003889468035941
531000.0,0.2003889468035941
532000.0,0.2003889468035941
533000.0,0.2003889468035941
534000.0,0.2003889468035941
535000.0,0.2003889468035941
536000.0,0.2003889468035941
537000.0,0.2003889468035941
538000.0,0.2003889468035941
539000.0,0.2003889468035941
540000.0,0.2003889468035941
541000.0,0.2003889468035941
542000.0,0.2003889468035941
543000.0,0.2003889468035941
544000.0,0.2003889468035941
545000.0,0.2003889468035941
546000.0,0.2003889468035941
547000.0,0.2003889468035941
548000.0,0.2003889468035941
549000.0,0.2003889468035941
550000.0,0.2003889468035941
551000.0,0.2003889468035941
552000.0,0.2003889468035941
553000.0,0.2003889468035941
554000.0,0.2003889468035941
555000.0,0.2003889468035941
556000.0,0.2003889468035941
557000.0,0.2003889468035941
558000.0,0.2003889468035941
559000.0,0.2003889468035941
560000.0,0.2003889468035941
561000.0,0.2003889468035941
562000.0,0.20077995730376544
563000.0,0.20077995730376544
564000.0,0.20077995730376544
565000.0,0.20077995730376544
566000.0,0.20077995730376544
567000.0,0.20077995730376544
568000.0,0.20077995730376544
569000.0,0.20077995730376544
570000.0,0.20077995730376544
571000.0,0.20077995730376544
572000.0,0.20077995730376544
573000.0,0.20077995730376544
574000.0,0.20077995730376544
575000.0,0.20077995730376544
576000.0,0.20077995730376544
577000.0,0.20077995730376544
578000.0,0.20077995730376544
579000.0,0.20077995730376544
580000.0,0.20077995730376544
581000.0,0.20077995730376544
582000.0,0.20077995730376544
583000.0,0.20077995730376544
584000.0,0.20077995730376544
585000.0,0.20077995730376544
586000.0,0.20077995730376544
587000.0,0.20077995730376544
588000.0,0.20077995730376544
589000.0,0.20077995730376544
590000.0,0.20077995730376544
591000.0,0.20077995730376544
592000.0,0.20077995730376544
593000.0,0.20077995730376544
594000.0,0.20077995730376544
595000.0,0.20077995730376544
596000.0,0.20077995730376544
597000.0,0.20077995730376544
598000.0,0.20077995730376544
599000.0,0.20077995730376544
600000.0,0.20077995730376544
601000.0,0.20077995730376544
602000.0,0.20077995730376544
603000.0,0.20077995730376544
604000.0,0.20077995730376544
605000.0,0.2008552404519126
606000.0,0.2008552404519126
607000.0,0.2008552404519126
608000.0,0.2008552404519126
609000.0,0.2008552404519126
610000.0,0.2008552404519126
611000.0,0.2008552404519126
612000.0,0.2008552404519126
613000.0,0.2008552404519126
614000.0,0.2008552404519126
615000.0,0.2008552404519126
616000.0,0.2008552404519126
617000.0,0.2008552404519126
618000.0,0.2008552404519126
619000.0,0.2008552404519126
620000.0,0.2008552404519126
621000.0,0.2008552404519126
622000.0,0.2008552404519126
623000.0,0.2008552404519126
624000.0,0.2008552404519126
625000.0,0.2008552404519126
626000.0,0.2008552404519126
627000.0,0.2008552404519126
628000.0,0.2008552404519126
629000.0,0.2008552404519126
630000.0,0.2008552404519126
631000.0,0.2008552404519126
632000.0,0.2008552404519126
633000.0,0.2008552404519126
634000.0,0.2008552404519126
635000.0,0.2008552404519126
636000.0,0.2008552404519126
637000.0,0.2008552404519126
638000.0,0.2008552404519126
639000.0,0.2008552404519126
640000.0,0.2008552404519126
641000.0,0.2008552404519126
642000.0,0.2008552404519126
643000.0,0.2008552404519126
644000.0,0.2008552404519126
645000.0,0.2008552404519126
646000.0,0.2008552404519126
647000.0,0.2008552404519126
648000.0,0.20144736140244726
649000.0,0.20144736140244726
650000.0,0.20144736140244726
651000.0,0.20144736140244726
652000.0,0.20144736140244726
653000.0,0.20144736140244726
654000.0,0.20144736140244726
655000.0,0.20144736140244726
656000.0,0.20144736140244726
657000.0,0.20144736140244726
658000.0,0.20144736140244726
659000.0,0.20144736140244726
660000.0,0.20144736140244726
661000.0,0.20144736140244726
662000.0,0.20144736140244726
663000.0,0.20144736140244726
664000.0,0.20144736140244726
665000.0,0.20144736140244726
666000.0,0.20144736140244726
667000.0,0.20144736140244726
668000.0,0.20144736140244726
669000.0,0.20144736140244726
670000.0,0.20144736140244726
671000.0,0.20144736140244726
672000.0,0.20144736140244726
673000.0,0.20144736140244726
674000.0,0.20144736140244726
675000.0,0.20144736140244726
676000.0,0.20144736140244726
677000.0,0.20144736140244726
678000.0,0.20144736140244726
679000.0,0.20144736140244726
680000.0,0.20144736140244726
681000.0,0.20144736140244726
682000.0,0.20144736140244726
683000.0,0.20144736140244726
684000.0,0.20144736140244726
685000.0,0.20144736140244726
686000.0,0.20144736140244726
687000.0,0.20144736140244726
688000.0,0.20144736140244726
689000.0,0.20144736140244726
690000.0,0.20144736140244726
691000.0,0.20144736140244726
692000.0,0.20226330934114514
693000.0,0.20226330934114514
694000.0,0.20226330934114514
695000.0,0.20226330934114514
696000.0,0.20226330934114514
697000.0,0.20226330934114514
698000.0,0.20226330934114514
699000.0,0.20226330934114514
700000.0,0.20226330934114514
701000.0,0.20226330934114514
702000.0,0.20226330934114514
703000.0,0.20226330934114514
704000.0,0.20226330934114514
705000.0,0.20226330934114514
706000.0,0.20226330934114514
707000.0,0.20226330934114514
708000.0,0.20226330934114514
709000.0,0.20226330934114514
710000.0,0.20226330934114514
711000.0,0.20226330934114514
712000.0,0.20226330934114514
713000.0,0.20226330934114514
714000.0,0.20226330934114514
715000.0,0.20226330934114514
716000.0,0.20226330934114514
717000.0,0.20226330934114514
718000.0,0.20226330934114514
719000.0,0.20226330934114514
720000.0,0.20226330934114514
721000.0,0.20226330934114514
722000.0,0.20226330934114514
723000.0,0.20226330934114514
724000.0,0.20226330934114514
725000.0,0.20226330934114514
726000.0,0.20226330934114514
727000.0,0.20226330934114514
728000.0,0.20226330934114514
729000.0,0.20226330934114514
730000.0,0.20226330934114514
731000.0,0.20226330934114514
732000.0,0.20226330934114514
733000.0,0.20226330934114514
734000.0,0.20226330934114514
735000.0,0.20285783036235525
736000.0,0.20285783036235525
737000.0,0.20285783036235525
738000.0,0.20285783036235525
739000.0,0.20285783036235525
740000.0,0.20285783036235525
741000.0,0.20285783036235525
742000.0,0.20285783036235525
743000.0,0.20285783036235525
744000.0,0.20285783036235525
745000.0,0.20285783036235525
746000.0,0.20285783036235525
747000.0,0.20285783036235525
748000.0,0.20285783036235525
749000.0,0.20285783036235525
750000.0,0.20285783036235525
751000.0,0.20285783036235525
752000.0,0.20285783036235525
753000.0,0.20285783036235525
754000.0,0.20285783036235525
755000.0,0.20285783036235525
756000.0,0.20285783036235525
757000.0,0.20285783036235525
758000.0,0.20285783036235525
759000.0,0.20285783036235525
760000.0,0.20285783036235525
761000.0,0.20285783036235525
762000.0,0.20285783036235525
763000.0,0.20285783036235525
764000.0,0.20285783036235525
765000.0,0.20285783036235525
766000.0,0.20285783036235525
767000.0,0.20285783036235525
768000.0,0.20285783036235525
769000.0,0.20285783036235525
770000.0,0.20285783036235525
771000.0,0.20285783036235525
772000.0,0.20285783036235525
773000.0,0.20285783036235525
774000.0,0.20285783036235525
775000.0,0.20285783036235525
776000.0,0.20285783036235525
777000.0,0.20285783036235525
778000.0,0.20309072829686023
779000.0,0.20309072829686023
780000.0,0.20309072829686023
781000.0,0.20309072829686023
782000.0,0.20309072829686023
783000.0,0.20309072829686023
784000.0,0.20309072829686023
785000.0,0.20309072829686023
786000.0,0.20309072829686023
787000.0,0.20309072829686023
788000.0,0.20309072829686023
789000.0,0.20309072829686023
790000.0,0.20309072829686023
791000.0,0.20309072829686023
792000.0,0.20309072829686023
793000.0,0.20309072829686023
794000.0,0.20309072829686023
795000.0,0.20309072829686023
796000.0,0.20309072829686023
797000.0,0.20309072829686023
798000.0,0.20309072829686023
799000.0,0.20309072829686023
800000.0,0.20309072829686023
801000.0,0.20309072829686023
802000.0,0.20309072829686023
803000.0,0.20309072829686023
804000.0,0.20309072829686023
805000.0,0.20309072829686023
806000.0,0.20309072829686023
807000.0,0.20309072829686023
808000.0,0.20309072829686023
809000.0,0.20309072829686023
810000.0,0.20309072829686023
811000.0,0.20309072829686023
812000.0,0.20309072829686023
813000.0,0.20309072829686023
814000.0,0.20309072829686023
815000.0,0.20309072829686023
816000.0,0.20309072829686023
817000.0,0.20309072829686023
818000.0,0.20309072829686023
819000.0,0.20309072829686023
820000.0,0.20309072829686023
821000.0,0.20427268763006431
822000.0,0.20427268763006431
823000.0,0.20427268763006431
824000.0,0.20427268763006431
825000.0,0.20427268763006431
826000.0,0.20427268763006431
827000.0,0.20427268763006431
828000.0,0.20427268763006431
829000.0,0.20427268763006431
830000.0,0.20427268763006431
831000.0,0.20427268763006431
832000.0,0.20427268763006431
833000.0,0.20427268763006431
834000.0,0.20427268763006431
835000.0,0.20427268763006431
836000.0,0.20427268763006431
837000.0,0.20427268763006431
838000.0,0.20427268763006431
839000.0,0.20427268763006431
840000.0,0.20427268763006431
841000.0,0.20427268763006431
842000.0,0.20427268763006431
843000.0,0.20427268763006431
844000.0,0.20427268763006431
845000.0,0.20427268763006431
846000.0,0.20427268763006431
847000.0,0.20427268763006431
848000.0,0.20427268763006431
849000.0,0.20427268763006431
850000.0,0.20427268763006431
851000.0,0.20427268763006431
852000.0,0.20427268763006431
853000.0,0.20427268763006431
854000.0,0.20427268763006431
855000.0,0.20427268763006431
856000.0,0.20427268763006431
857000.0,0.20427268763006431
858000.0,0.20427268763006431
859000.0,0.20427268763006431
860000.0,0.20427268763006431
861000.0,0.20427268763006431
862000.0,0.20427268763006431
863000.0,0.20427268763006431
864000.0,0.2044634961723783
865000.0,0.2044634961723783
866000.0,0.2044634961723783
867000.0,0.2044634961723783
868000.0,0.2044634961723783
869000.0,0.2044634961723783
870000.0,0.2044634961723783
871000.0,0.2044634961723783
872000.0,0.2044634961723783
873000.0,0.2044634961723783
874000.0,0.2044634961723783
875000.0,0.2044634961723783
876000.0,0.2044634961723783
877000.0,0.2044634961723783
878000.0,0.2044634961723783
879000.0,0.2044634961723783
880000.0,0.2044634961723783
881000.0,0.2044634961723783
882000.0,0.2044634961723783
883000.0,0.2044634961723783
884000.0,0.2044634961723783
885000.0,0.2044634961723783
886000.0,0.2044634961723783
887000.0,0.2044634961723783
888000.0,0.2044634961723783
889000.0,0.2044634961723783
890000.0,0.2044634961723783
891000.0,0.2044634961723783
892000.0,0.2044634961723783
893000.0,0.2044634961723783
894000.0,0.2044634961723783
895000.0,0.2044634961723783
896000.0,0.2044634961723783
897000.0,0.2044634961723783
898000.0,0.2044634961723783
899000.0,0.2044634961723783
900000.0,0.2044634961723783
901000.0,0.2044634961723783
902000.0,0.2044634961723783
903000.0,0.2044634961723783
904000.0,0.2044634961723783
905000.0,0.2044634961723783
906000.0,0.2044634961723783
907000.0,0.2044634961723783
908000.0,0.20512896150207066
909000.0,0.20512896150207066
910000.0,0.20512896150207066
911000.0,0.20512896150207066
912000.0,0.20512896150207066
913000.0,0.20512896150207066
914000.0,0.20512896150207066
915000.0,0.20512896150207066
916000.0,0.20512896150207066
917000.0,0.20512896150207066
918000.0,0.20512896150207066
919000.0,0.20512896150207066
920000.0,0.20512896150207066
921000.0,0.20512896150207066
922000.0,0.20512896150207066
923000.0,0.20512896150207066
924000.0,0.20512896150207066
925000.0,0.20512896150207066
926000.0,0.20512896150207066
927000.0,0.20512896150207066
928000.0,0.20512896150207066
929000.0,0.20512896150207066
930000.0,0.20512896150207066
931000.0,0.20512896150207066
932000.0,0.20512896150207066
933000.0,0.20512896150207066
934000.0,0.20512896150207066
935000.0,0.20512896150207066
936000.0,0.20512896150207066
937000.0,0.20512896150207066
938000.0,0.20512896150207066
939000.0,0.20512896150207066
940000.0,0.20512896150207066
941000.0,0.20512896150207066
942000.0,0.20512896150207066
943000.0,0.20512896150207066
944000.0,0.20512896150207066
945000.0,0.20512896150207066
946000.0,0.20512896150207066
947000.0,0.20512896150207066
948000.0,0.20512896150207066
949000.0,0.20512896150207066
950000.0,0.20512896150207066
951000.0,0.20422384270283558
952000.0,0.20422384270283558
953000.0,0.20422384270283558
954000.0,0.20422384270283558
955000.0,0.20422384270283558
956000.0,0.20422384270283558
957000.0,0.20422384270283558
958000.0,0.20422384270283558
959000.0,0.20422384270283558
960000.0,0.20422384270283558
961000.0,0.20422384270283558
962000.0,0.20422384270283558
963000.0,0.20422384270283558
964000.0,0.20422384270283558
965000.0,0.20422384270283558
966000.0,0.20422384270283558
967000.0,0.20422384270283558
968000.0,0.20422384270283558
969000.0,0.20422384270283558
970000.0,0.20422384270283558
971000.0,0.20422384270283558
972000.0,0.20422384270283558
973000.0,0.20422384270283558
974000.0,0.20422384270283558
975000.0,0.20422384270283558
976000.0,0.20422384270283558
977000.0,0.20422384270283558
978000.0,0.20422384270283558
979000.0,0.20422384270283558
980000.0,0.20422384270283558
981000.0,0.20422384270283558
982000.0,0.20422384270283558
983000.0,0.20422384270283558
984000.0,0.20422384270283558
985000.0,0.20422384270283558
986000.0,0.20422384270283558
987000.0,0.20422384270283558
988000.0,0.20422384270283558
989000.0,0.20422384270283558
990000.0,0.20422384270283558
991000.0,0.20422384270283558
992000.0,0.20422384270283558
993000.0,0.20422384270283558
994000.0,0.20494034237734415
995000.0,0.20494034237734415
996000.0,0.20494034237734415
997000.0,0.20494034237734415
998000.0,0.20494034237734415
999000.0,0.20494034237734415
1000000.0,0.20494034237734415
1001000.0,0.20494034237734415
1002000.0,0.20494034237734415
1003000.0,0.20494034237734415
1004000.0,0.20494034237734415
1005000.0,0.20494034237734415
1006000.0,0.20494034237734415
1007000.0,0.20494034237734415
1008000.0,0.20494034237734415
1009000.0,0.20494034237734415
1010000.0,0.20494034237734415
1011000.0,0.20494034237734415
1012000.0,0.20494034237734415
1013000.0,0.20494034237734415
1014000.0,0.20494034237734415
1015000.0,0.20494034237734415
1016000.0,0.20494034237734415
1017000.0,0.20494034237734415
1018000.0,0.20494034237734415
1019000.0,0.20494034237734415
1020000.0,0.20494034237734415
1021000.0,0.20494034237734415
1022000.0,0.20494034237734415
1023000.0,0.20494034237734415
1024000.0,0.20494034237734415
1025000.0,0.20494034237734415
1026000.0,0.20494034237734415
1027000.0,0.20494034237734415
1028000.0,0.20494034237734415
1029000.0,0.20494034237734415
1030000.0,0.20494034237734415
1031000.0,0.20494034237734415
1032000.0,0.20494034237734415
1033000.0,0.20494034237734415
1034000.0,0.20494034237734415
1035000.0,0.20494034237734415
1036000.0,0.20494034237734415
1037000.0,0.20420708880979566
1038000.0,0.20420708880979566
1039000.0,0.20420708880979566
1040000.0,0.20420708880979566
1041000.0,0.20420708880979566
1042000.0,0.20420708880979566
1043000.0,0.20420708880979566
1044000.0,0.20420708880979566
1045000.0,0.20420708880979566
1046000.0,0.20420708880979566
1047000.0,0.20420708880979566
1048000.0,0.20420708880979566
1049000.0,0.20420708880979566
1050000.0,0.20420708880979566
1051000.0,0.20420708880979566
1052000.0,0.20420708880979566
1053000.0,0.20420708880979566
1054000.0,0.20420708880979566
1055000.0,0.20420708880979566
1056000.0,0.20420708880979566
1057000.0,0.20420708880979566
1058000.0,0.20420708880979566
1059000.0,0.20420708880979566
1060000.0,0.20420708880979566
1061000.0,0.20420708880979566
1062000.0,0.20420708880979566
1063000.0,0.20420708880979566
1064000.0,0.20420708880979566
1065000.0,0.20420708880979566
1066000.0,0.20420708880979566
1067000.0,0.20420708880979566
1068000.0,0.20420708880979566
1069000.0,0.20420708880979566
1070000.0,0.20420708880979566
1071000.0,0.20420708880979566
1072000.0,0.20420708880979566
1073000.0,0.20420708880979566
1074000.0,0.20420708880979566
1075000.0,0.20420708880979566
1076000.0,0.20420708880979566
1077000.0,0.20420708880979566
1078000.0,0.20420708880979566
1079000.0,0.20420708880979566
1080000.0,0.20447297348542023
1081000.0,0.20447297348542023
1082000.0,0.20447297348542023
1083000.0,0.20447297348542023
1084000.0,0.20447297348542023
1085000.0,0.20447297348542023
1086000.0,0.20447297348542023
1087000.0,0.20447297348542023
1088000.0,0.20447297348542023
1089000.0,0.20447297348542023
1090000.0,0.20447297348542023
1091000.0,0.20447297348542023
1092000.0,0.20447297348542023
1093000.0,0.20447297348542023
1094000.0,0.20447297348542023
1095000.0,0.20447297348542023
1096000.0,0.20447297348542023
1097000.0,0.20447297348542023
1098000.0,0.20447297348542023
1099000.0,0.20447297348542023
1100000.0,0.20447297348542023
1101000.0,0.20447297348542023
1102000.0,0.20447297348542023
1103000.0,0.20447297348542023
1104000.0,0.20447297348542023
1105000.0,0.20447297348542023
1106000.0,0.20447297348542023
1107000.0,0.20447297348542023
1108000.0,0.20447297348542023
1109000.0,0.20447297348542023
1110000.0,0.20447297348542023
1111000.0,0.20447297348542023
1112000.0,0.20447297348542023
1113000.0,0.20447297348542023
1114000.0,0.20447297348542023
1115000.0,0.20447297348542023
1116000.0,0.20447297348542023
1117000.0,0.20447297348542023
1118000.0,0.20447297348542023
1119000.0,0.20447297348542023
1120000.0,0.20447297348542023
1121000.0,0.20447297348542023
1122000.0,0.20447297348542023
1123000.0,0.20447297348542023
1124000.0,0.20353762117116758
1125000.0,0.20353762117116758
1126000.0,0.20353762117116758
1127000.0,0.20353762117116758
1128000.0,0.20353762117116758
1129000.0,0.20353762117116758
1130000.0,0.20353762117116758
1131000.0,0.20353762117116758
1132000.0,0.20353762117116758
1133000.0,0.20353762117116758
1134000.0,0.20353762117116758
1135000.0,0.20353762117116758
1136000.0,0.20353762117116758
1137000.0,0.20353762117116758
1138000.0,0.20353762117116758
1139000.0,0.20353762117116758
1140000.0,0.20353762117116758
1141000.0,0.20353762117116758
1142000.0,0.20353762117116758
1143000.0,0.20353762117116758
1144000.0,0.20353762117116758
1145000.0,0.20353762117116758
1146000.0,0.20353762117116758
1147000.0,0.20353762117116758
1148000.0,0.20353762117116758
1149000.0,0.20353762117116758
1150000.0,0.20353762117116758
1151000.0,0.20353762117116758
1152000.0,0.20353762117116758
1153000.0,0.20353762117116758
1154000.0,0.20353762117116758
1155000.0,0.20353762117116758
1156000.0,0.20353762117116758
1157000.0,0.20353762117116758
1158000.0,0.20353762117116758
1159000.0,0.20353762117116758
1160000.0,0.20353762117116758
1161000.0,0.20353762117116758
1162000.0,0.20353762117116758
1163000.0,0.20353762117116758
1164000.0,0.20353762117116758
1165000.0,0.20353762117116758
1166000.0,0.20353762117116758
1167000.0,0.20372940396291322
1168000.0,0.20372940396291322
1169000.0,0.20372940396291322
1170000.0,0.20372940396291322
1171000.0,0.20372940396291322
1172000.0,0.20372940396291322
1173000.0,0.20372940396291322
1174000.0,0.20372940396291322
1175000.0,0.20372940396291322
1176000.0,0.20372940396291322
1177000.0,0.20372940396291322
1178000.0,0.20372940396291322
1179000.0,0.20372940396291322
1180000.0,0.20372940396291322
1181000.0,0.20372940396291322
1182000.0,0.20372940396291322
1183000.0,0.20372940396291322
1184000.0,0.20372940396291322
1185000.0,0.20372940396291322
1186000.0,0.20372940396291322
1187000.0,0.20372940396291322
1188000.0,0.20372940396291322
1189000.0,0.20372940396291322
1190000.0,0.20372940396291322
1191000.0,0.20372940396291322
1192000.0,0.20372940396291322
1193000.0,0.20372940396291322
1194000.0,0.20372940396291322
1195000.0,0.20372940396291322
1196000.0,0.20372940396291322
1197000.0,0.20372940396291322
1198000.0,0.20372940396291322
1199000.0,0.20372940396291322
1200000.0,0.20372940396291322
1201000.0,0.20372940396291322
1202000.0,0.20372940396291322
1203000.0,0.20372940396291322
1204000.0,0.20372940396291322
1205000.0,0.20372940396291322
1206000.0,0.20372940396291322
1207000.0,0.20372940396291322
1208000.0,0.20372940396291322
1209000.0,0.20372940396291322
1210000.0,0.20285249576585895
1211000.0,0.20285249576585895
1212000.0,0.20285249576585895
1213000.0,0.20285249576585895
1214000.0,0.20285249576585895
1215000.0,0.20285249576585895
1216000.0,0.20285249576585895
1217000.0,0.20285249576585895
1218000.0,0.20285249576585895
1219000.0,0.20285249576585895
1220000.0,0.20285249576585895
1221000.0,0.20285249576585895
1222000.0,0.20285249576585895
1223000.0,0.20285249576585895
1224000.0,0.20285249576585895
1225000.0,0.20285249576585895
1226000.0,0.20285249576585895
1227000.0,0.20285249576585895
1228000.0,0.20285249576585895
1229000.0,0.20285249576585895
1230000.0,0.20285249576585895
1231000.0,0.20285249576585895
1232000.0,0.20285249576585895
1233000.0,0.20285249576585895
1234000.0,0.20285249576585895
1235000.0,0.20285249576585895
1236000.0,0.20285249576585895
1237000.0,0.20285249576585895
1238000.0,0.20285249576585895
1239000.0,0.20285249576585895
1240000.0,0.20285249576585895
1241000.0,0.20285249576585895
1242000.0,0.20285249576585895
1243000.0,0.20285249576585895
1244000.0,0.20285249576585895
1245000.0,0.20285249576585895
1246000.0,0.20285249576585895
1247000.0,0.20285249576585895
1248000.0,0.20285249576585895
1249000.0,0.20285249576585895
1250000.0,0.20285249576585895
1251000.0,0.20285249576585895
1252000.0,0.20285249576585895
1253000.0,0.20292804975854264
1254000.0,0.20292804975854264
1255000.0,0.20292804975854264
1256000.0,0.20292804975854264
1257000.0,0.20292804975854264
1258000.0,0.20292804975854264
1259000.0,0.20292804975854264
1260000.0,0.20292804975854264
1261000.0,0.20292804975854264
1262000.0,0.20292804975854264
1263000.0,0.20292804975854264
1264000.0,0.20292804975854264
1265000.0,0.20292804975854264
1266000.0,0.20292804975854264
1267000.0,0.20292804975854264
1268000.0,0.20292804975854264
1269000.0,0.20292804975854264
1270000.0,0.20292804975854264
1271000.0,0.20292804975854264
1272000.0,0.20292804975854264
1273000.0,0.20292804975854264
1274000.0,0.20292804975854264
1275000.0,0.20292804975854264
1276000.0,0.20292804975854264
1277000.0,0.20292804975854264
1278000.0,0.20292804975854264
1279000.0,0.20292804975854264
1280000.0,0.20292804975854264
1281000.0,0.20292804975854264
1282000.0,0.20292804975854264
1283000.0,0.20292804975854264
1284000.0,0.20292804975854264
1285000.0,0.20292804975854264
1286000.0,0.20292804975854264
1287000.0,0.20292804975854264
1288000.0,0.20292804975854264
1289000.0,0.20292804975854264
1290000.0,0.20292804975854264
1291000.0,0.20292804975854264
1292000.0,0.20292804975854264
1293000.0,0.20292804975854264
1294000.0,0.20292804975854264
1295000.0,0.20292804975854264
1296000.0,0.20225572122225624
1297000.0,0.20225572122225624
1298000.0,0.20225572122225624
1299000.0,0.20225572122225624
1300000.0,0.20225572122225624
1301000.0,0.20225572122225624
1302000.0,0.20225572122225624
1303000.0,0.20225572122225624
1304000.0,0.20225572122225624
1305000.0,0.20225572122225624
1306000.0,0.20225572122225624
1307000.0,0.20225572122225624
1308000.0,0.20225572122225624
1309000.0,0.20225572122225624
1310000.0,0.20225572122225624
1311000.0,0.20225572122225624
1312000.0,0.20225572122225624
1313000.0,0.20225572122225624
1314000.0,0.20225572122225624
1315000.0,0.20225572122225624
1316000.0,0.20225572122225624
1317000.0,0.20225572122225624
1318000.0,0.20225572122225624
1319000.0,0.20225572122225624
1320000.0,0.20225572122225624
1321000.0,0.20225572122225624
1322000.0,0.20225572122225624
1323000.0,0.20225572122225624
1324000.0,0.20225572122225624
1325000.0,0.20225572122225624
1326000.0,0.20225572122225624
1327000.0,0.20225572122225624
1328000.0,0.20225572122225624
1329000.0,0.20225572122225624
1330000.0,0.20225572122225624
1331000.0,0.20225572122225624
1332000.0,0.20225572122225624
1333000.0,0.20225572122225624
1334000.0,0.20225572122225624
1335000.0,0.20225572122225624
1336000.0,0.20225572122225624
1337000.0,0.20225572122225624
1338000.0,0.20225572122225624
1339000.0,0.20225572122225624
1340000.0,0.2022665901144948
1341000.0,0.2022665901144948
1342000.0,0.2022665901144948
1343000.0,0.2022665901144948
1344000.0,0.2022665901144948
1345000.0,0.2022665901144948
1346000.0,0.2022665901144948
1347000.0,0.2022665901144948
1348000.0,0.2022665901144948
1349000.0,0.2022665901144948
1350000.0,0.2022665901144948
1351000.0,0.2022665901144948
1352000.0,0.2022665901144948
1353000.0,0.2022665901144948
1354000.0,0.2022665901144948
1355000.0,0.2022665901144948
1356000.0,0.2022665901144948
1357000.0,0.2022665901144948
1358000.0,0.2022665901144948
1359000.0,0.2022665901144948
1360000.0,0.2022665901144948
1361000.0,0.2022665901144948
1362000.0,0.2022665901144948
1363000.0,0.2022665901144948
1364000.0,0.2022665901144948
1365000.0,0.2022665901144948
1366000.0,0.2022665901144948
1367000.0,0.2022665901144948
1368000.0,0.2022665901144948
1369000.0,0.2022665901144948
1370000.0,0.2022665901144948
1371000.0,0.2022665901144948
1372000.0,0.2022665901144948
1373000.0,0.2022665901144948
1374000.0,0.2022665901144948
1375000.0,0.2022665901144948
1376000.0,0.2022665901144948
1377000.0,0.2022665901144948
1378000.0,0.2022665901144948
1379000.0,0.2022665901144948
1380000.0,0.2022665901144948
1381000.0,0.2022665901144948
1382000.0,0.2022665901144948
1383000.0,0.20184154805406646
1384000.0,0.20184154805406646
1385000.0,0.20184154805406646
1386000.0,0.20184154805406646
1387000.0,0.20184154805406646
1388000.0,0.20184154805406646
1389000.0,0.20184154805406646
1390000.0,0.20184154805406646
1391000.0,0.20184154805406646
1392000.0,0.20184154805406646
1393000.0,0.20184154805406646
1394000.0,0.20184154805406646
1395000.0,0.20184154805406646
1396000.0,0.20184154805406646
1397000.0,0.20184154805406646
1398000.0,0.20184154805406646
1399000.0,0.20184154805406646
1400000.0,0.20184154805406646
1401000.0,0.20184154805406646
1402000.0,0.20184154805406646
1403000.0,0.20184154805406646
1404000.0,0.20184154805406646
1405000.0,0.20184154805406646
1406000.0,0.20184154805406646
1407000.0,0.20184154805406646
1408000.0,0.20184154805406646
1409000.0,0.20184154805406646
1410000.0,0.20184154805406646
1411000.0,0.20184154805406646
1412000.0,0.20184154805406646
1413000.0,0.20184154805406646
1414000.0,0.20184154805406646
1415000.0,0.20184154805406646
1416000.0,0.20184154805406646
1417000.0,0.20184154805406646
1418000.0,0.20184154805406646
1419000.0,0.20184154805406646
1420000.0,0.20184154805406646
1421000.0,0.20184154805406646
1422000.0,0.20184154805406646
1423000.0,0.20184154805406646
1424000.0,0.20184154805406646
1425000.0,0.20184154805406646
1426000.0,0.20189753903101298
1427000.0,0.20189753903101298
1428000.0,0.20189753903101298
1429000.0,0.20189753903101298
1430000.0,0.20189753903101298
1431000.0,0.20189753903101298
1432000.0,0.20189753903101298
1433000.0,0.20189753903101298
1434000.0,0.20189753903101298
1435000.0,0.20189753903101298
1436000.0,0.20189753903101298
1437000.0,0.20189753903101298
1438000.0,0.20189753903101298
1439000.0,0.20189753903101298
1440000.0,0.20189753903101298
1441000.0,0.20189753903101298
1442000.0,0.20189753903101298
1443000.0,0.20189753903101298
1444000.0,0.20189753903101298
1445000.0,0.20189753903101298
1446000.0,0.20189753903101298
1447000.0,0.20189753903101298
1448000.0,0.20189753903101298
1449000.0,0.20189753903101298
1450000.0,0.20189753903101298
1451000.0,0.20189753903101298
1452000.0,0.20189753903101298
1453000.0,0.20189753903101298
1454000.0,0.20189753903101298
1455000.0,0.20189753903101298
1456000.0,0.20189753903101298
1457000.0,0.20189753903101298
1458000.0,0.20189753903101298
1459000.0,0.20189753903101298
1460000.0,0.20189753903101298
1461000.0,0.20189753903101298
1462000.0,0.20189753903101298
1463000.0,0.20189753903101298
1464000.0,0.20189753903101298
1465000.0,0.20189753903101298
1466000.0,0.20189753903101298
1467000.0,0.20189753903101298
1468000.0,0.20189753903101298
1469000.0,0.2014533489780832
1470000.0,0.2014533489780832
1471000.0,0.2014533489780832
1472000.0,0.2014533489780832
1473000.0,0.2014533489780832
1474000.0,0.2014533489780832
1475000.0,0.2014533489780832
1476000.0,0.2014533489780832
1477000.0,0.2014533489780832
1478000.0,0.2014533489780832
1479000.0,0.2014533489780832
1480000.0,0.2014533489780832
1481000.0,0.2014533489780832
1482000.0,0.2014533489780832
1483000.0,0.2014533489780832
1484000.0,0.2014533489780832
1485000.0,0.2014533489780832
1486000.0,0.2014533489780832
1487000.0,0.2014533489780832
1488000.0,0.2014533489780832
1489000.0,0.2014533489780832
1490000.0,0.2014533489780832
1491000.0,0.2014533489780832
1492000.0,0.2014533489780832
1493000.0,0.2014533489780832
1494000.0,0.2014533489780832
1495000.0,0.2014533489780832
1496000.0,0.2014533489780832
1497000.0,0.2014533489780832
1498000.0,0.2014533489780832
1499000.0,0.2014533489780832
1500000.0,0.2014533489780832
1501000.0,0.2014533489780832
1502000.0,0.2014533489780832
1503000.0,0.2014533489780832
1504000.0,0.2014533489780832
1505000.0,0.2014533489780832
1506000.0,0.2014533489780832
1507000.0,0.2014533489780832
1508000.0,0.2014533489780832
1509000.0,0.2014533489780832
1510000.0,0.2014533489780832
1511000.0,0.2014533489780832
1512000.0,0.20164904720034024
1513000.0,0.20164904720034024
1514000.0,0.20164904720034024
1515000.0,0.20164904720034024
1516000.0,0.20164904720034024
1517000.0,0.20164904720034024
1518000.0,0.20164904720034024
1519000.0,0.20164904720034024
1520000.0,0.20164904720034024
1521000.0,0.20164904720034024
1522000.0,0.20164904720034024
1523000.0,0.20164904720034024
1524000.0,0.20164904720034024
1525000.0,0.20164904720034024
1526000.0,0.20164904720034024
1527000.0,0.20164904720034024
1528000.0,0.20164904720034024
1529000.0,0.20164904720034024
1530000.0,0.20164904720034024
1531000.0,0.20164904720034024
1532000.0,0.20164904720034024
1533000.0,0.20164904720034024
1534000.0,0.20164904720034024
1535000.0,0.20164904720034024
1536000.0,0.20164904720034024
1537000.0,0.20164904720034024
1538000.0,0.20164904720034024
1539000.0,0.20164904720034024
1540000.0,0.20164904720034024
1541000.0,0.20164904720034024
1542000.0,0.20164904720034024
1543000.0,0.20164904720034024
1544000.0,0.20164904720034024
1545000.0,0.20164904720034024
1546000.0,0.20164904720034024
1547000.0,0.20164904720034024
1548000.0,0.20164904720034024
1549000.0,0.20164904720034024
1550000.0,0.20164904720034024
1551000.0,0.20164904720034024
1552000.0,0.20164904720034024
1553000.0,0.20164904720034024
1554000.0,0.20164904720034024
1555000.0,0.20164904720034024
1556000.0,0.20150775190126008
1557000.0,0.20150775190126008
1558000.0,0.20150775190126008
1559000.0,0.20150775190126008
1560000.0,0.20150775190126008
1561000.0,0.20150775190126008
1562000.0,0.20150775190126008
1563000.0,0.20150775190126008
1564000.0,0.20150775190126008
1565000.0,0.20150775190126008
1566000.0,0.20150775190126008
1567000.0,0.20150775190126008
1568000.0,0.20150775190126008
1569000.0,0.20150775190126008
1570000.0,0.20150775190126008
1571000.0,0.20150775190126008
1572000.0,0.20150775190126008
1573000.0,0.20150775190126008
1574000.0,0.20150775190126008
1575000.0,0.20150775190126008
1576000.0,0.20150775190126008
1577000.0,0.20150775190126008
1578000.0,0.20150775190126008
1579000.0,0.20150775190126008
1580000.0,0.20150775190126008
1581000.0,0.20150775190126008
1582000.0,0.20150775190126008
1583000.0,0.20150775190126008
1584000.0,0.20150775190126008
1585000.0,0.20150775190126008
1586000.0,0.20150775190126008
1587000.0,0.20150775190126008
1588000.0,0.20150775190126008
1589000.0,0.20150775190126008
1590000.0,0.20150775190126008
1591000.0,0.20150775190126008
1592000.0,0.20150775190126008
1593000.0,0.20150775190126008
1594000.0,0.20150775190126008
1595000.0,0.20150775190126008
1596000.0,0.20150775190126008
1597000.0,0.20150775190126008
1598000.0,0.20150775190126008
1599000.0,0.20179057593461652
1600000.0,0.20179057593461652
1601000.0,0.20179057593461652
1602000.0,0.20179057593461652
1603000.0,0.20179057593461652
1604000.0,0.20179057593461652
1605000.0,0.20179057593461652
1606000.0,0.20179057593461652
1607000.0,0.20179057593461652
1608000.0,0.20179057593461652
1609000.0,0.20179057593461652
1610000.0,0.20179057593461652
1611000.0,0.20179057593461652
1612000.0,0.20179057593461652
1613000.0,0.20179057593461652
1614000.0,0.20179057593461652
1615000.0,0.20179057593461652
1616000.0,0.20179057593461652
1617000.0,0.20179057593461652
1618000.0,0.20179057593461652
1619000.0,0.20179057593461652
1620000.0,0.20179057593461652
1621000.0,0.20179057593461652
1622000.0,0.20179057593461652
1623000.0,0.20179057593461652
1624000.0,0.20179057593461652
1625000.0,0.20179057593461652
1626000.0,0.20179057593461652
1627000.0,0.20179057593461652
1628000.0,0.20179057593461652
1629000.0,0.20179057593461652
1630000.0,0.20179057593461652
1631000.0,0.20179057593461652
1632000.0,0.20179057593461652
1633000.0,0.20179057593461652
1634000.0,0.20179057593461652
1635000.0,0.20179057593461652
1636000.0,0.20179057593461652
1637000.0,0.20179057593461652
1638000.0,0.20179057593461652
1639000.0,0.20179057593461652
1640000.0,0.20179057593461652
1641000.0,0.20179057593461652
1642000.0,0.2014254007071497
1643000.0,0.2014254007071497
1644000.0,0.2014254007071497
1645000.0,0.2014254007071497
1646000.0,0.2014254007071497
1647000.0,0.2014254007071497
1648000.0,0.2014254007071497
1649000.0,0.2014254007071497
1650000.0,0.2014254007071497
1651000.0,0.2014254007071497
1652000.0,0.2014254007071497
1653000.0,0.2014254007071497
1654000.0,0.2014254007071497
1655000.0,0.2014254007071497
1656000.0,0.2014254007071497
1657000.0,0.2014254007071497
1658000.0,0.2014254007071497
1659000.0,0.2014254007071497
1660000.0,0.2014254007071497
1661000.0,0.2014254007071497
1662000.0,0.2014254007071497
1663000.0,0.2014254007071497
1664000.0,0.2014254007071497
1665000.0,0.2014254007071497
1666000.0,0.2014254007071497
1667000.0,0.2014254007071497
1668000.0,0.2014254007071497
1669000.0,0.2014254007071497
1670000.0,0.2014254007071497
1671000.0,0.2014254007071497
1672000.0,0.2014254007071497
1673000.0,0.2014254007071497
1674000.0,0.2014254007071497
1675000.0,0.2014254007071497
1676000.0,0.2014254007071497
1677000.0,0.2014254007071497
1678000.0,0.2014254007071497
1679000.0,0.2014254007071497
1680000.0,0.2014254007071497
1681000.0,0.2014254007071497
1682000.0,0.2014254007071497
1683000.0,0.2014254007071497
1684000.0,0.2014254007071497
1685000.0,0.20180923808251525
1686000.0,0.20180923808251525
1687000.0,0.20180923808251525
1688000.0,0.20180923808251525
1689000.0,0.20180923808251525
1690000.0,0.20180923808251525
1691000.0,0.20180923808251525
1692000.0,0.20180923808251525
1693000.0,0.20180923808251525
1694000.0,0.20180923808251525
1695000.0,0.20180923808251525
1696000.0,0.20180923808251525
1697000.0,0.20180923808251525
1698000.0,0.20180923808251525
1699000.0,0.20180923808251525
1700000.0,0.20180923808251525
1701000.0,0.20180923808251525
1702000.0,0.20180923808251525
1703000.0,0.20180923808251525
1704000.0,0.20180923808251525
1705000.0,0.20180923808251525
1706000.0,0.20180923808251525
1707000.0,0.20180923808251525
1708000.0,0.20180923808251525
1709000.0,0.20180923808251525
1710000.0,0.20180923808251525
1711000.0,0.20180923808251525
1712000.0,0.20180923808251525
1713000.0,0.20180923808251525
1714000.0,0.20180923808251525
1715000.0,0.20180923808251525
1716000.0,0.20180923808251525
1717000.0,0.20180923808251525
1718000.0,0.20180923808251525
1719000.0,0.20180923808251525
1720000.0,0.20180923808251525
1721000.0,0.20180923808251525
1722000.0,0.20180923808251525
1723000.0,0.20180923808251525
1724000.0,0.20180923808251525
1725000.0,0.20180923808251525
1726000.0,0.20180923808251525
1727000.0,0.20180923808251525
1728000.0,0.20139043284509942
1729000.0,0.20139043284509942
1730000.0,0.20139043284509942
1731000.0,0.20139043284509942
1732000.0,0.20139043284509942
1733000.0,0.20139043284509942
1734000.0,0.20139043284509942
1735000.0,0.20139043284509942
1736000.0,0.20139043284509942
1737000.0,0.20139043284509942
1738000.0,0.20139043284509942
1739000.0,0.20139043284509942
1740000.0,0.20139043284509942
1741000.0,0.20139043284509942
1742000.0,0.20139043284509942
1743000.0,0.20139043284509942
1744000.0,0.20139043284509942
1745000.0,0.20139043284509942
1746000.0,0.20139043284509942
1747000.0,0.20139043284509942
1748000.0,0.20139043284509942
1749000.0,0.20139043284509942
1750000.0,0.20139043284509942
1751000.0,0.20139043284509942
1752000.0,0.20139043284509942
1753000.0,0.20139043284509942
1754000.0,0.20139043284509942
1755000.0,0.20139043284509942
1756000.0,0.20139043284509942
1757000.0,0.20139043284509942
1758000.0,0.20139043284509942
1759000.0,0.20139043284509942
1760000.0,0.20139043284509942
1761000.0,0.20139043284509942
1762000.0,0.20139043284509942
1763000.0,0.20139043284509942
1764000.0,0.20139043284509942
1765000.0,0.20139043284509942
1766000.0,0.20139043284509942
1767000.0,0.20139043284509942
1768000.0,0.20139043284509942
1769000.0,0.20139043284509942
1770000.0,0.20139043284509942
1771000.0,0.20139043284509942
1772000.0,0.2018512423022389
1773000.0,0.2018512423022389
1774000.0,0.2018512423022389
1775000.0,0.2018512423022389
1776000.0,0.2018512423022389
1777000.0,0.2018512423022389
1778000.0,0.2018512423022389
1779000.0,0.2018512423022389
1780000.0,0.2018512423022389
1781000.0,0.2018512423022389
1782000.0,0.2018512423022389
1783000.0,0.2018512423022389
1784000.0,0.2018512423022389
1785000.0,0.2018512423022389
1786000.0,0.2018512423022389
1787000.0,0.2018512423022389
1788000.0,0.2018512423022389
1789000.0,0.2018512423022389
1790000.0,0.2018512423022389
1791000.0,0.2018512423022389
1792000.0,0.2018512423022389
1793000.0,0.2018512423022389
1794000.0,0.2018512423022389
1795000.0,0.2018512423022389
1796000.0,0.2018512423022389
1797000.0,0.2018512423022389
1798000.0,0.2018512423022389
1799000.0,0.2018512423022389
1800000.0,0.2018512423022389
1801000.0,0.2018512423022389
1802000.0,0.2018512423022389
1803000.0,0.2018512423022389
1804000.0,0.2018512423022389
1805000.0,0.2018512423022389
1806000.0,0.2018512423022389
1807000.0,0.2018512423022389
1808000.0,0.2018512423022389
1809000.0,0.2018512423022389
1810000.0,0.2018512423022389
1811000.0,0.2018512423022389
1812000.0,0.2018512423022389
1813000.0,0.2018512423022389
1814000.0,0.2018512423022389
1815000.0,0.201339089192694
1816000.0,0.201339089192694
1817000.0,0.201339089192694
1818000.0,0.201339089192694
1819000.0,0.201339089192694
1820000.0,0.201339089192694
1821000.0,0.201339089192694
1822000.0,0.201339089192694
1823000.0,0.201339089192694
1824000.0,0.201339089192694
1825000.0,0.201339089192694
1826000.0,0.201339089192694
1827000.0,0.201339089192694
1828000.0,0.201339089192694
1829000.0,0.201339089192694
1830000.0,0.201339089192694
1831000.0,0.201339089192694
1832000.0,0.201339089192694
1833000.0,0.201339089192694
1834000.0,0.201339089192694
1835000.0,0.201339089192694
1836000.0,0.201339089192694
1837000.0,0.201339089192694
1838000.0,0.201339089192694
1839000.0,0.201339089192694
1840000.0,0.201339089192694
1841000.0,0.201339089192694
1842000.0,0.201339089192694
1843000.0,0.201339089192694
1844000.0,0.201339089192694
1845000.0,0.201339089192694
1846000.0,0.201339089192694
1847000.0,0.201339089192694
1848000.0,0.201339089192694
1849000.0,0.201339089192694
1850000.0,0.201339089192694
1851000.0,0.201339089192694
1852000.0,0.201339089192694
1853000.0,0.201339089192694
1854000.0,0.201339089192694
1855000.0,0.201339089192694
1856000.0,0.201339089192694
1857000.0,0.201339089192694
1858000.0,0.20185240928872406
1859000.0,0.20185240928872406
1860000.0,0.20185240928872406
1861000.0,0.20185240928872406
1862000.0,0.20185240928872406
1863000.0,0.20185240928872406
1864000.0,0.20185240928872406
1865000.0,0.20185240928872406
1866000.0,0.20185240928872406
1867000.0,0.20185240928872406
1868000.0,0.20185240928872406
1869000.0,0.20185240928872406
1870000.0,0.20185240928872406
1871000.0,0.20185240928872406
1872000.0,0.20185240928872406
1873000.0,0.20185240928872406
1874000.0,0.20185240928872406
1875000.0,0.20185240928872406
1876000.0,0.20185240928872406
1877000.0,0.20185240928872406
1878000.0,0.20185240928872406
1879000.0,0.20185240928872406
1880000.0,0.20185240928872406
1881000.0,0.20185240928872406
1882000.0,0.20185240928872406
1883000.0,0.20185240928872406
1884000.0,0.20185240928872406
1885000.0,0.20185240928872406
1886000.0,0.20185240928872406
1887000.0,0.20185240928872406
1888000.0,0.20185240928872406
1889000.0,0.20185240928872406
1890000.0,0.20185240928872406
1891000.0,0.20185240928872406
1892000.0,0.20185240928872406
1893000.0,0.20185240928872406
1894000.0,0.20185240928872406
1895000.0,0.20185240928872406
1896000.0,0.20185240928872406
1897000.0,0.20185240928872406
1898000.0,0.20185240928872406
1899000.0,0.20185240928872406
1900000.0,0.20185240928872406
1901000.0,0.20146721115294505
1902000.0,0.20146721115294505
1903000.0,0.20146721115294505
1904000.0,0.20146721115294505
1905000.0,0.20146721115294505
1906000.0,0.20146721115294505
1907000.0,0.20146721115294505
1908000.0,0.20146721115294505
1909000.0,0.20146721115294505
1910000.0,0.20146721115294505
1911000.0,0.20146721115294505
1912000.0,0.20146721115294505
1913000.0,0.20146721115294505
1914000.0,0.20146721115294505
1915000.0,0.20146721115294505
1916000.0,0.20146721115294505
1917000.0,0.20146721115294505
1918000.0,0.20146721115294505
1919000.0,0.20146721115294505
1920000.0,0.20146721115294505
1921000.0,0.20146721115294505
1922000.0,0.20146721115294505
1923000.0,0.20146721115294505
1924000.0,0.20146721115294505
1925000.0,0.20146721115294505
1926000.0,0.20146721115294505
1927000.0,0.20146721115294505
1928000.0,0.20146721115294505
1929000.0,0.20146721115294505
1930000.0,0.20146721115294505
1931000.0,0.20146721115294505
1932000.0,0.20146721115294505
1933000.0,0.20146721115294505
1934000.0,0.20146721115294505
1935000.0,0.20146721115294505
1936000.0,0.20146721115294505
1937000.0,0.20146721115294505
1938000.0,0.20146721115294505
1939000.0,0.20146721115294505
1940000.0,0.20146721115294505
1941000.0,0.20146721115294505
1942000.0,0.20146721115294505
1943000.0,0.20146721115294505
1944000.0,0.201532821171601
1945000.0,0.201532821171601
1946000.0,0.201532821171601
1947000.0,0.201532821171601
1948000.0,0.201532821171601
1949000.0,0.201532821171601
1950000.0,0.201532821171601
1951000.0,0.201532821171601
1952000.0,0.201532821171601
1953000.0,0.201532821171601
1954000.0,0.201532821171601
1955000.0,0.201532821171601
1956000.0,0.201532821171601
1957000.0,0.201532821171601
1958000.0,0.201532821171601
1959000.0,0.201532821171601
1960000.0,0.201532821171601
1961000.0,0.201532821171601
1962000.0,0.201532821171601
1963000.0,0.201532821171601
1964000.0,0.201532821171601
1965000.0,0.201532821171601
1966000.0,0.201532821171601
1967000.0,0.201532821171601
1968000.0,0.201532821171601
1969000.0,0.201532821171601
1970000.0,0.201532821171601
1971000.0,0.201532821171601
1972000.0,0.201532821171601
1973000.0,0.201532821171601
1974000.0,0.201532821171601
1975000.0,0.201532821171601
1976000.0,0.201532821171601
1977000.0,0.201532821171601
1978000.0,0.201532821171601
1979000.0,0.201532821171601
1980000.0,0.201532821171601
1981000.0,0.201532821171601
1982000.0,0.201532821171601
1983000.0,0.201532821171601
1984000.0,0.201532821171601
1985000.0,0.201532821171601
1986000.0,0.201532821171601
1987000.0,0.201532821171601
1988000.0,0.20117434095186837
1989000.0,0.20117434095186837
1990000.0,0.20117434095186837
1991000.0,0.20117434095186837
1992000.0,0.20117434095186837
1993000.0,0.20117434095186837
1994000.0,0.20117434095186837
1995000.0,0.20117434095186837
1996000.0,0.20117434095186837
1997000.0,0.20117434095186837
1998000.0,0.20117434095186837
1999000.0,0.20117434095186837
2000000.0,0.20117434095186837
2001000.0,0.20117434095186837
2002000.0,0.20117434095186837
2003000.0,0.20117434095186837
2004000.0,0.20117434095186837
2005000.0,0.20117434095186837
2006000.0,0.20117434095186837
2007000.0,0.20117434095186837
2008000.0,0.20117434095186837
2009000.0,0.20117434095186837
2010000.0,0.20117434095186837
2011000.0,0.20117434095186837
2012000.0,0.20117434095186837
2013000.0,0.20117434095186837
2014000.0,0.20117434095186837
2015000.0,0.20117434095186837
2016000.0,0.20117434095186837
2017000.0,0.20117434095186837
2018000.0,0.20117434095186837
2019000.0,0.20117434095186837
2020000.0,0.20117434095186837
2021000.0,0.20117434095186837
2022000.0,0.20117434095186837
2023000.0,0.20117434095186837
2024000.0,0.20117434095186837
2025000.0,0.20117434095186837
2026000.0,0.20117434095186837
2027000.0,0.20117434095186837
2028000.0,0.20117434095186837
2029000.0,0.20117434095186837
2030000.0,0.20117434095186837
2031000.0,0.20122888924362203
2032000.0,0.20122888924362203
2033000.0,0.20122888924362203
2034000.0,0.20122888924362203
2035000.0,0.20122888924362203
2036000.0,0.20122888924362203
2037000.0,0.20122888924362203
2038000.0,0.20122888924362203
2039000.0,0.20122888924362203
2040000.0,0.20122888924362203
2041000.0,0.20122888924362203
2042000.0,0.20122888924362203
2043000.0,0.20122888924362203
2044000.0,0.20122888924362203
2045000.0,0.20122888924362203
2046000.0,0.20122888924362203
2047000.0,0.20122888924362203
2048000.0,0.20122888924362203
2049000.0,0.20122888924362203
2050000.0,0.20122888924362203
2051000.0,0.20122888924362203
2052000.0,0.20122888924362203
2053000.0,0.20122888924362203
2054000.0,0.20122888924362203
2055000.0,0.20122888924362203
2056000.0,0.20122888924362203
2057000.0,0.20122888924362203
2058000.0,0.20122888924362203
2059000.0,0.20122888924362203
2060000.0,0.20122888924362203
2061000.0,0.20122888924362203
2062000.0,0.20122888924362203
2063000.0,0.20122888924362203
2064000.0,0.20122888924362203
2065000.0,0.20122888924362203
2066000.0,0.20122888924362203
2067000.0,0.20122888924362203
2068000.0,0.20122888924362203
2069000.0,0.20122888924362203
2070000.0,0.20122888924362203
2071000.0,0.20122888924362203
2072000.0,0.20122888924362203
2073000.0,0.20122888924362203
2074000.0,0.20090044674235905
2075000.0,0.20090044674235905
2076000.0,0.20090044674235905
2077000.0,0.20090044674235905
2078000.0,0.20090044674235905
2079000.0,0.20090044674235905
2080000.0,0.20090044674235905
2081000.0,0.20090044674235905
2082000.0,0.20090044674235905
2083000.0,0.20090044674235905
2084000.0,0.20090044674235905
2085000.0,0.20090044674235905
2086000.0,0.20090044674235905
2087000.0,0.20090044674235905
2088000.0,0.20090044674235905
2089000.0,0.20090044674235905
2090000.0,0.20090044674235905
2091000.0,0.20090044674235905
2092000.0,0.20090044674235905
2093000.0,0.20090044674235905
2094000.0,0.20090044674235905
2095000.0,0.20090044674235905
2096000.0,0.20090044674235905
2097000.0,0.20090044674235905
2098000.0,0.20090044674235905
2099000.0,0.20090044674235905
2100000.0,0.20090044674235905
2101000.0,0.20090044674235905
2102000.0,0.20090044674235905
2103000.0,0.20090044674235905
2104000.0,0.20090044674235905
2105000.0,0.20090044674235905
2106000.0,0.20090044674235905
2107000.0,0.20090044674235905
2108000.0,0.20090044674235905
2109000.0,0.20090044674235905
2110000.0,0.20090044674235905
2111000.0,0.20090044674235905
2112000.0,0.20090044674235905
2113000.0,0.20090044674235905
2114000.0,0.20090044674235905
2115000.0,0.20090044674235905
2116000.0,0.20090044674235905
2117000.0,0.20091501603703604
2118000.0,0.20091501603703604
2119000.0,0.20091501603703604
2120000.0,0.20091501603703604
2121000.0,0.20091501603703604
2122000.0,0.20091501603703604
2123000.0,0.20091501603703604
2124000.0,0.20091501603703604
2125000.0,0.20091501603703604
2126000.0,0.20091501603703604
2127000.0,0.20091501603703604
2128000.0,0.20091501603703604
2129000.0,0.20091501603703604
2130000.0,0.20091501603703604
2131000.0,0.20091501603703604
2132000.0,0.20091501603703604
2133000.0,0.20091501603703604
2134000.0,0.20091501603703604
2135000.0,0.20091501603703604
2136000.0,0.20091501603703604
2137000.0,0.20091501603703604
2138000.0,0.20091501603703604
2139000.0,0.20091501603703604
2140000.0,0.20091501603703604
2141000.0,0.20091501603703604
2142000.0,0.20091501603703604
2143000.0,0.20091501603703604
2144000.0,0.20091501603703604
2145000.0,0.20091501603703604
2146000.0,0.20091501603703604
2147000.0,0.20091501603703604
2148000.0,0.20091501603703604
2149000.0,0.20091501603703604
2150000.0,0.20091501603703604
2151000.0,0.20091501603703604
2152000.0,0.20091501603703604
2153000.0,0.20091501603703604
2154000.0,0.20091501603703604
2155000.0,0.20091501603703604
2156000.0,0.20091501603703604
2157000.0,0.20091501603703604
2158000.0,0.20091501603703604
2159000.0,0.20091501603703604
2160000.0,0.20057077373432486
2161000.0,0.20057077373432486
2162000.0,0.20057077373432486
2163000.0,0.20057077373432486
2164000.0,0.20057077373432486
2165000.0,0.20057077373432486
2166000.0,0.20057077373432486
2167000.0,0.20057077373432486
2168000.0,0.20057077373432486
2169000.0,0.20057077373432486
2170000.0,0.20057077373432486
2171000.0,0.20057077373432486
2172000.0,0.20057077373432486
2173000.0,0.20057077373432486
2174000.0,0.20057077373432486
2175000.0,0.20057077373432486
2176000.0,0.20057077373432486
2177000.0,0.20057077373432486
2178000.0,0.20057077373432486
2179000.0,0.20057077373432486
2180000.0,0.20057077373432486
2181000.0,0.20057077373432486
2182000.0,0.20057077373432486
2183000.0,0.20057077373432486
2184000.0,0.20057077373432486
2185000.0,0.20057077373432486
2186000.0,0.20057077373432486
2187000.0,0.20057077373432486
2188000.0,0.20057077373432486
2189000.0,0.20057077373432486
2190000.0,0.20057077373432486
2191000.0,0.20057077373432486
2192000.0,0.20057077373432486
2193000.0,0.20057077373432486
2194000.0,0.20057077373432486
2195000.0,0.20057077373432486
2196000.0,0.20057077373432486
2197000.0,0.20057077373432486
2198000.0,0.20057077373432486
2199000.0,0.20057077373432486
2200000.0,0.20057077373432486
2201000.0,0.20057077373432486
2202000.0,0.20057077373432486
2203000.0,0.20057077373432486
2204000.0,0.20059244656115918
2205000.0,0.20059244656115918
2206000.0,0.20059244656115918
2207000.0,0.20059244656115918
2208000.0,0.20059244656115918
2209000.0,0.20059244656115918
2210000.0,0.20059244656115918
2211000.0,0.20059244656115918
2212000.0,0.20059244656115918
2213000.0,0.20059244656115918
2214000.0,0.20059244656115918
2215000.0,0.20059244656115918
2216000.0,0.20059244656115918
2217000.0,0.20059244656115918
2218000.0,0.20059244656115918
2219000.0,0.20059244656115918
2220000.0,0.20059244656115918
2221000.0,0.20059244656115918
2222000.0,0.20059244656115918
2223000.0,0.20059244656115918
2224000.0,0.20059244656115918
2225000.0,0.20059244656115918
2226000.0,0.20059244656115918
2227000.0,0.20059244656115918
2228000.0,0.20059244656115918
2229000.0,0.20059244656115918
2230000.0,0.20059244656115918
2231000.0,0.20059244656115918
2232000.0,0.20059244656115918
2233000.0,0.20059244656115918
2234000.0,0.20059244656115918
2235000.0,0.20059244656115918
2236000.0,0.20059244656115918
2237000.0,0.20059244656115918
2238000.0,0.20059244656115918
2239000.0,0.20059244656115918
2240000.0,0.20059244656115918
2241000.0,0.20059244656115918
2242000.0,0.20059244656115918
2243000.0,0.20059244656115918
2244000.0,0.20059244656115918
2245000.0,0.20059244656115918
2246000.0,0.20059244656115918
2247000.0,0.20035372839279117
2248000.0,0.20035372839279117
2249000.0,0.2003537283927