124	0.0	CST	0.0	up	0.0	45799.99999999999	
146	0.0	CST	0.0	up	0.0	45799.99999999999	
176	0.0	CST	0.0	up	0.0	45799.99999999999	
182	0.0	CST	0.0	up	0.0	45799.99999999999	
104	162.85714285714286	Masjid Bunder 	2000.0	up	0.0	45799.99999999999	
119	162.85714285714286	Masjid Bunder 	2000.0	up	0.0	45799.99999999999	
181	162.85714285714286	Masjid Bunder 	2000.0	up	0.0	45799.99999999999	
187	162.85714285714286	Masjid Bunder 	2000.0	up	0.0	45799.99999999999	
198	162.85714285714286	Masjid Bunder 	2000.0	up	0.0	45799.99999999999	
110	254.28571428571428	Sandhurst Road 	3000.0	up	0.0	45799.99999999999	
159	254.28571428571428	Sandhurst Road 	3000.0	up	0.0	45799.99999999999	
171	254.28571428571428	Sandhurst Road 	3000.0	up	0.0	45799.99999999999	
106	254.28571428571428	Kopar 	47000.0	down	0.0	10800.000000000016	
122	254.28571428571428	Kopar 	47000.0	down	0.0	10800.000000000016	
192	254.28571428571428	Kopar 	47000.0	down	0.0	10800.000000000016	
197	254.28571428571428	Kopar 	47000.0	down	0.0	10800.000000000016	
131	417.1428571428571	Byculla 	5000.0	up	0.0	45799.99999999998	
139	417.1428571428571	Byculla 	5000.0	up	0.0	45799.99999999998	
167	417.1428571428571	Byculla 	5000.0	up	0.0	45799.99999999998	
189	417.1428571428571	Byculla 	5000.0	up	0.0	45799.99999999998	
190	417.1428571428571	Byculla 	5000.0	up	0.0	45799.99999999998	
173	508.57142857142856	Chinchpokli 	6000.0	up	0.0	45799.99999999998	
104	560.0	Diwa 	43000.0	down	0.0	10800.000000000016	
136	560.0	Diwa 	43000.0	down	0.0	10800.000000000016	
163	560.0	Diwa 	43000.0	down	0.0	10800.000000000016	
138	600.0	Currey Road 	7000.0	up	0.0	45799.99999999998	
142	600.0	Currey Road 	7000.0	up	0.0	45799.99999999998	
170	600.0	Currey Road 	7000.0	up	0.0	45799.99999999998	
194	600.0	Currey Road 	7000.0	up	0.0	45799.99999999998	
103	691.4285714285714	Parel 	8000.0	up	0.0	45799.99999999998	
147	691.4285714285714	Parel 	8000.0	up	0.0	45799.99999999998	
188	691.4285714285714	Parel 	8000.0	up	0.0	45799.99999999998	
112	794.2857142857142	Mumbra 	40000.0	down	0.0	10800.00000000003	
120	794.2857142857142	Mumbra 	40000.0	down	0.0	10800.00000000003	
132	794.2857142857142	Mumbra 	40000.0	down	0.0	10800.00000000003	
140	794.2857142857142	Mumbra 	40000.0	down	0.0	10800.00000000003	
150	794.2857142857142	Mumbra 	40000.0	down	0.0	10800.00000000003	
158	794.2857142857142	Mumbra 	40000.0	down	0.0	10800.00000000003	
161	794.2857142857142	Mumbra 	40000.0	down	0.0	10800.00000000003	
175	794.2857142857142	Mumbra 	40000.0	down	0.0	10800.00000000003	
105	945.7142857142858	Matunga 	11000.0	up	0.0	45799.99999999998	
113	945.7142857142858	Matunga 	11000.0	up	0.0	45799.99999999998	
127	1100.0	Kalwa 	36000.0	down	0.0	10800.000000000022	
128	1100.0	Kalwa 	36000.0	down	0.0	10800.000000000022	
162	1100.0	Kalwa 	36000.0	down	0.0	10800.000000000022	
126	1108.5714285714287	Sion 	13000.0	up	0.0	45799.99999999998	
141	1108.5714285714287	Sion 	13000.0	up	0.0	45799.99999999998	
152	1108.5714285714287	Sion 	13000.0	up	0.0	45799.99999999998	
174	1108.5714285714287	Sion 	13000.0	up	0.0	45799.99999999998	
180	1108.5714285714287	Sion 	13000.0	up	0.0	45799.99999999998	
123	1262.857142857143	Thane 	34000.0	down	0.0	10800.000000000016	
172	1262.857142857143	Thane 	34000.0	down	0.0	10800.000000000016	
177	1262.857142857143	Thane 	34000.0	down	0.0	10800.000000000016	
153	1342.857142857143	Kurla 	16000.0	up	0.0	45799.999999999985	
165	1342.857142857143	Kurla 	16000.0	up	0.0	45799.999999999985	
196	1342.857142857143	Kurla 	16000.0	up	0.0	45799.999999999985	
184	1497.142857142857	Mulund 	31000.0	down	0.0	10800.000000000022	
199	1497.142857142857	Mulund 	31000.0	down	0.0	10800.000000000022	
134	1505.7142857142858	Vidyavihar 	18000.0	up	0.0	45799.999999999985	
138	1505.7142857142858	Vidyavihar 	18000.0	up	0.0	45799.999999999985	
178	1505.7142857142858	Vidyavihar 	18000.0	up	0.0	45799.999999999985	
182	1505.7142857142858	Vidyavihar 	18000.0	up	0.0	45799.999999999985	
166	1668.5714285714287	Ghatkopar 	20000.0	up	0.0	45799.999999999985	
111	1731.4285714285713	Nahur 	28000.0	down	0.0	10800.000000000016	
146	1891.4285714285713	Dombivli 	49000.0	down	0.0	9639.999999999995	
176	1891.4285714285713	Dombivli 	49000.0	down	0.0	9639.999999999995	
108	1894.2857142857142	Bhandup 	26000.0	down	0.0	10800.000000000016	
130	1894.2857142857142	Bhandup 	26000.0	down	0.0	10800.000000000016	
144	1894.2857142857142	Bhandup 	26000.0	down	0.0	10800.000000000016	
168	1894.2857142857142	Bhandup 	26000.0	down	0.0	10800.000000000016	
100	1985.7142857142856	Kanjurmarg 	25000.0	down	0.0	10800.000000000022	
147	1985.7142857142856	Kanjurmarg 	25000.0	down	0.0	10800.000000000022	
156	1985.7142857142856	Kanjurmarg 	25000.0	down	0.0	10800.000000000022	
179	1985.7142857142856	Kanjurmarg 	25000.0	down	0.0	10800.000000000022	
183	1985.7142857142856	Kanjurmarg 	25000.0	down	0.0	10800.000000000022	
195	1985.7142857142856	Kanjurmarg 	25000.0	down	0.0	10800.000000000022	
180	2054.285714285714	Sandhurst Road 	3000.0	up	0.0	39520.00000000001	
155	2148.5714285714284	Vikhroli 	23000.0	down	0.0	10800.000000000016	
157	2148.5714285714284	Vikhroli 	23000.0	down	0.0	10800.000000000016	
171	2148.5714285714284	Vikhroli 	23000.0	down	0.0	10800.000000000016	
191	2148.5714285714284	Vikhroli 	23000.0	down	0.0	10800.000000000016	
107	2157.1428571428573	Bhandup 	26000.0	up	0.0	45799.99999999999	
185	2157.1428571428573	Bhandup 	26000.0	up	0.0	45799.99999999999	
198	2157.1428571428573	Bhandup 	26000.0	up	0.0	45799.99999999999	
134	2217.142857142857	Byculla 	5000.0	up	0.0	39520.00000000001	
189	2308.5714285714284	Chinchpokli 	6000.0	up	0.0	39520.00000000001	
196	2308.5714285714284	Chinchpokli 	6000.0	up	0.0	39520.00000000001	
116	2320.0	Nahur 	28000.0	up	0.0	45799.99999999999	
128	2360.0	Diwa 	43000.0	down	0.0	9639.999999999995	
114	2382.8571428571427	Ghatkopar 	20000.0	down	0.0	10800.000000000016	
129	2382.8571428571427	Ghatkopar 	20000.0	down	0.0	10800.000000000016	
137	2382.8571428571427	Ghatkopar 	20000.0	down	0.0	10800.000000000016	
143	2382.8571428571427	Ghatkopar 	20000.0	down	0.0	10800.000000000016	
185	2382.8571428571427	Ghatkopar 	20000.0	down	0.0	10800.000000000016	
106	2491.4285714285716	Parel 	8000.0	up	0.0	39520.00000000001	
102	2545.7142857142853	Vidyavihar 	18000.0	down	0.0	10800.000000000016	
115	2545.7142857142853	Vidyavihar 	18000.0	down	0.0	10800.000000000016	
118	2545.7142857142853	Vidyavihar 	18000.0	down	0.0	10800.000000000016	
133	2545.7142857142853	Vidyavihar 	18000.0	down	0.0	10800.000000000016	
145	2545.7142857142853	Vidyavihar 	18000.0	down	0.0	10800.000000000016	
120	2594.285714285714	Mumbra 	40000.0	down	0.0	9639.999999999995	
132	2594.285714285714	Mumbra 	40000.0	down	0.0	9639.999999999995	
155	2594.285714285714	Mumbra 	40000.0	down	0.0	9639.999999999995	
167	2594.285714285714	Mumbra 	40000.0	down	0.0	9639.999999999995	
103	2708.571428571428	Kurla 	16000.0	down	0.013214285714285567	10800.000000000016	
149	2708.571428571428	Kurla 	16000.0	down	0.013214285714285567	10800.000000000016	
158	2708.571428571428	Kurla 	16000.0	down	0.013214285714285567	10800.000000000016	
127	2745.714285714286	Matunga 	11000.0	up	0.017857142857142794	39520.00000000001	
139	2788.5714285714284	Thane 	34000.0	up	0.023214285714285687	45799.99999999999	
154	2788.5714285714284	Thane 	34000.0	up	0.023214285714285687	45799.99999999999	
109	2951.428571428571	Kalwa 	36000.0	up	0.04357142857142848	45799.99999999999	
121	2951.428571428571	Kalwa 	36000.0	up	0.04357142857142848	45799.99999999999	
159	2951.428571428571	Kalwa 	36000.0	up	0.04357142857142848	45799.99999999999	
130	3142.8571428571427	Kurla 	16000.0	up	0.06749999999999995	39520.00000000001	
163	3142.8571428571427	Kurla 	16000.0	up	0.06749999999999995	39520.00000000001	
164	3268.5714285714275	Dadar 	9000.0	down	0.08321428571428555	10800.000000000022	
166	3268.5714285714275	Dadar 	9000.0	down	0.08321428571428555	10800.000000000022	
169	3268.5714285714275	Dadar 	9000.0	down	0.08321428571428555	10800.000000000022	
179	3268.5714285714275	Dadar 	9000.0	down	0.08321428571428555	10800.000000000022	
124	3297.142857142857	Mulund 	31000.0	down	0.08678571428571422	9639.99999999999	
133	3297.142857142857	Mulund 	31000.0	down	0.08678571428571422	9639.99999999999	
194	3297.142857142857	Mulund 	31000.0	down	0.08678571428571422	9639.99999999999	
107	3305.7142857142853	Vidyavihar 	18000.0	up	0.08785714285714277	39520.000000000015	
101	3359.999999999999	Parel 	8000.0	down	0.094642857142857	10800.000000000018	
117	3359.999999999999	Parel 	8000.0	down	0.094642857142857	10800.000000000018	
125	3359.999999999999	Parel 	8000.0	down	0.094642857142857	10800.000000000018	
148	3359.999999999999	Parel 	8000.0	down	0.094642857142857	10800.000000000018	
151	3359.999999999999	Parel 	8000.0	down	0.094642857142857	10800.000000000018	
166	3531.428571428571	Nahur 	28000.0	down	0.11607142857142849	9639.99999999999	
168	3531.428571428571	Nahur 	28000.0	down	0.11607142857142849	9639.99999999999	
178	3531.428571428571	Nahur 	28000.0	down	0.11607142857142849	9639.99999999999	
114	3600.0	CST	0.0	up	0.12464285714285708	16840.000000000004	
141	3600.0	CST	0.0	up	0.12464285714285708	16840.000000000004	
174	3600.0	CST	0.0	up	0.12464285714285708	16840.000000000004	
191	3600.0	CST	0.0	up	0.12464285714285708	16840.000000000004	
135	3634.2857142857138	Byculla 	5000.0	down	0.12892857142857134	10800.00000000001	
153	3691.4285714285716	Dombivli 	49000.0	down	0.13607142857142857	32040.0	
162	3691.4285714285716	Dombivli 	49000.0	down	0.13607142857142857	32040.0	
185	3691.4285714285716	Dombivli 	49000.0	down	0.13607142857142857	32040.0	
115	3694.2857142857138	Bhandup 	26000.0	down	0.13642857142857132	9639.999999999989	
145	3694.2857142857138	Bhandup 	26000.0	down	0.13642857142857132	9639.999999999989	
100	3762.8571428571427	Masjid Bunder 	2000.0	up	0.14499999999999993	16840.000000000007	
149	3762.8571428571427	Masjid Bunder 	2000.0	up	0.14499999999999993	16840.000000000007	
161	3762.8571428571427	Masjid Bunder 	2000.0	up	0.14499999999999993	16840.000000000007	
170	3762.8571428571427	Masjid Bunder 	2000.0	up	0.14499999999999993	16840.000000000007	
175	3762.8571428571427	Masjid Bunder 	2000.0	up	0.14499999999999993	16840.000000000007	
125	3785.7142857142853	Kanjurmarg 	25000.0	down	0.14785714285714277	9639.99999999999	
139	3785.7142857142853	Kanjurmarg 	25000.0	down	0.14785714285714277	9639.99999999999	
171	3785.7142857142853	Kanjurmarg 	25000.0	down	0.14785714285714277	9639.99999999999	
102	3797.142857142857	Kopar 	47000.0	up	0.14928571428571422	45799.99999999999	
160	3797.142857142857	Kopar 	47000.0	up	0.14928571428571422	45799.99999999999	
193	3797.142857142857	Kopar 	47000.0	up	0.14928571428571422	45799.99999999999	
151	3854.285714285714	Sandhurst Road 	3000.0	up	0.1564285714285714	16840.000000000004	
164	3854.285714285714	Sandhurst Road 	3000.0	up	0.1564285714285714	16840.000000000004	
183	3854.285714285714	Kopar 	47000.0	down	0.1564285714285714	32039.999999999996	
172	3865.714285714285	Kanjurmarg 	25000.0	up	0.15785714285714272	39520.000000000015	
187	3865.714285714285	Kanjurmarg 	25000.0	up	0.15785714285714272	39520.000000000015	
135	4017.142857142857	Byculla 	5000.0	up	0.1767857142857142	16840.000000000007	
110	4108.571428571428	Chinchpokli 	6000.0	up	0.18821428571428567	16840.000000000004	
116	4108.571428571428	Chinchpokli 	6000.0	up	0.18821428571428567	16840.000000000004	
184	4108.571428571428	Chinchpokli 	6000.0	up	0.18821428571428567	16840.000000000004	
133	4119.999999999999	Nahur 	28000.0	up	0.189642857142857	39520.000000000015	
111	4160.0	Diwa 	43000.0	down	0.19464285714285712	32039.999999999996	
113	4160.0	Diwa 	43000.0	down	0.19464285714285712	32039.999999999996	
104	4182.857142857142	Ghatkopar 	20000.0	down	0.1974999999999999	9639.999999999989	
140	4200.0	Currey Road 	7000.0	up	0.19964285714285712	16840.000000000004	
197	4200.0	Currey Road 	7000.0	up	0.19964285714285712	16840.000000000004	
181	4214.285714285714	Masjid Bunder 	2000.0	up	0.20142857142857135	11080.00000000001	
119	4291.428571428572	Parel 	8000.0	up	0.21107142857142852	16840.0	
154	4345.714285714285	Vidyavihar 	18000.0	down	0.21785714285714275	9639.99999999999	
180	4354.285714285714	Mulund 	31000.0	up	0.2189285714285713	39520.000000000015	
157	4508.571428571428	Kurla 	16000.0	down	0.3	9639.999999999995	
165	4508.571428571428	Kurla 	16000.0	down	0.3	9639.999999999995	
117	4545.714285714286	Matunga 	11000.0	up	0.3	16839.999999999996	
137	4545.714285714286	Matunga 	11000.0	up	0.3	16839.999999999996	
147	4545.714285714286	Matunga 	11000.0	up	0.3	16839.999999999996	
106	4560.0	Chinchpokli 	6000.0	up	0.3	11080.000000000004	
138	4588.571428571428	Thane 	34000.0	up	0.3	39520.00000000001	
199	4588.571428571428	Thane 	34000.0	up	0.3	39520.00000000001	
108	4662.857142857142	Thakurli 	50000.0	down	0.3	45799.999999999985	
112	4662.857142857142	Thakurli 	50000.0	down	0.3	45799.999999999985	
142	4662.857142857142	Thakurli 	50000.0	down	0.3	45799.999999999985	
170	4662.857142857142	Thakurli 	50000.0	down	0.3	45799.999999999985	
186	4662.857142857142	Thakurli 	50000.0	down	0.3	45799.999999999985	
118	4700.0	Kalwa 	36000.0	down	0.3	32039.999999999996	
168	4700.0	Kalwa 	36000.0	down	0.3	32039.999999999996	
102	4708.571428571429	Sion 	13000.0	up	0.6	16839.999999999993	
105	4708.571428571429	Sion 	13000.0	up	0.6	16839.999999999993	
150	4708.571428571429	Sion 	13000.0	up	0.6	16839.999999999993	
163	4708.571428571429	Sion 	13000.0	up	0.6	16839.999999999993	
104	4742.857142857143	Sion 	13000.0	down	0.6	9640.0	
173	4751.428571428572	Kalwa 	36000.0	up	0.6	39520.0	
128	4754.285714285714	Dombivli 	49000.0	down	0.6	45799.999999999985	
143	4754.285714285714	Dombivli 	49000.0	down	0.6	45799.999999999985	
155	4754.285714285714	Dombivli 	49000.0	down	0.6	45799.999999999985	
195	4754.285714285714	Dombivli 	49000.0	down	0.6	45799.999999999985	
131	4862.857142857143	Thane 	34000.0	down	0.8	32040.0	
136	4862.857142857143	Thane 	34000.0	down	0.8	32040.0	
156	4862.857142857143	Thane 	34000.0	down	0.8	32040.0	
169	4862.857142857143	Thane 	34000.0	down	0.8	32040.0	
172	4862.857142857143	Thane 	34000.0	down	0.8	32040.0	
193	4862.857142857143	Thane 	34000.0	down	0.8	32040.0	
121	4917.142857142857	Kopar 	47000.0	down	0.8	45799.99999999999	
114	4942.857142857144	Kurla 	16000.0	up	0.8	16839.999999999985	
180	4997.142857142858	Matunga 	11000.0	up	1.0	11079.999999999995	
160	5097.142857142858	Mulund 	31000.0	down	0.0	0.0	
110	5160.000000000001	Parel 	8000.0	down	0.0	0.0	
122	5160.000000000001	Parel 	8000.0	down	0.0	0.0	
132	5160.000000000001	Sion 	13000.0	up	0.0	0.0	
120	5222.857142857142	Diwa 	43000.0	down	0.0	0.0	
117	5251.4285714285725	Currey Road 	7000.0	down	0.0	0.0	
101	5268.57142857143	Ghatkopar 	20000.0	up	0.0	0.0	
182	5268.57142857143	Ghatkopar 	20000.0	up	0.0	0.0	
184	5342.857142857144	Chinchpokli 	6000.0	down	0.0	0.0	
113	5400.0	CST	0.0	up	0.0	0.0	
118	5400.0	CST	0.0	up	0.0	0.0	
123	5400.0	CST	0.0	up	0.0	0.0	
158	5400.0	CST	0.0	up	0.0	0.0	
185	5400.0	CST	0.0	up	0.0	0.0	
188	5400.0	CST	0.0	up	0.0	0.0	
189	5400.0	CST	0.0	up	0.0	0.0	
194	5400.0	CST	0.0	up	0.0	0.0	
127	5457.142857142857	Mumbra 	40000.0	down	0.0	0.0	
130	5491.428571428572	Dombivli 	49000.0	down	0.0	0.0	
122	5494.285714285716	Bhandup 	26000.0	down	0.0	0.0	
159	5494.285714285716	Bhandup 	26000.0	down	0.0	0.0	
146	5502.857142857145	Vikhroli 	23000.0	up	0.0	0.0	
178	5502.857142857145	Vikhroli 	23000.0	up	0.0	0.0	
115	5562.857142857143	Masjid Bunder 	2000.0	up	0.0	0.0	
138	5585.714285714287	Kanjurmarg 	25000.0	down	0.0	0.0	
148	5585.714285714287	Kanjurmarg 	25000.0	down	0.0	0.0	
151	5585.714285714287	Kanjurmarg 	25000.0	down	0.0	0.0	
187	5585.714285714287	Kanjurmarg 	25000.0	down	0.0	0.0	
160	5654.285714285715	Kopar 	47000.0	down	0.0	0.0	
145	5654.285714285715	Sandhurst Road 	3000.0	up	0.0	0.0	
190	5654.285714285715	Sandhurst Road 	3000.0	up	0.0	0.0	
192	5665.714285714288	Kanjurmarg 	25000.0	up	0.0	0.0	
197	5665.714285714288	Kanjurmarg 	25000.0	up	0.0	0.0	
105	5688.57142857143	Masjid Bunder 	2000.0	down	0.0	0.0	
144	5748.57142857143	Vikhroli 	23000.0	down	0.0	0.0	
139	5762.857142857142	Kalwa 	36000.0	down	0.0	0.0	
173	5762.857142857142	Kalwa 	36000.0	down	0.0	0.0	
176	5762.857142857142	Kalwa 	36000.0	down	0.0	0.0	
157	5954.2857142857165	Vikhroli 	23000.0	up	0.0	0.0	
104	6014.2857142857165	Masjid Bunder 	2000.0	up	0.0	0.0	
101	6091.4285714285725	Parel 	8000.0	up	0.0	0.0	
171	6105.714285714288	Sandhurst Road 	3000.0	up	0.0	0.0	
133	6117.14285714286	Kanjurmarg 	25000.0	up	0.0	0.0	
103	6145.714285714288	Vidyavihar 	18000.0	down	0.0	0.0	
110	6145.714285714288	Vidyavihar 	18000.0	down	0.0	0.0	
144	6145.714285714288	Vidyavihar 	18000.0	down	0.0	0.0	
124	6160.0	Mulund 	31000.0	down	0.0	0.0	
126	6160.0	Mulund 	31000.0	down	0.0	0.0	
165	6182.857142857144	Dadar 	9000.0	up	0.0	0.0	
111	6194.285714285715	Mumbra 	40000.0	down	0.0	0.0	
184	6268.571428571431	Byculla 	5000.0	up	0.0	0.0	
110	6360.000000000003	Chinchpokli 	6000.0	up	0.0	0.0	
102	6394.285714285715	Nahur 	28000.0	down	0.0	0.0	
104	6394.285714285715	Nahur 	28000.0	down	0.0	0.0	
163	6394.285714285715	Nahur 	28000.0	down	0.0	0.0	
188	6394.285714285715	Nahur 	28000.0	down	0.0	0.0	
164	6462.857142857142	Thakurli 	50000.0	down	0.0	0.0	
177	6500.0	Kalwa 	36000.0	down	0.0	0.0	
119	6542.857142857146	Sion 	13000.0	down	0.0	0.0	
122	6542.857142857146	Sion 	13000.0	down	0.0	0.0	
166	6542.857142857146	Sion 	13000.0	down	0.0	0.0	
147	6551.428571428575	Kalwa 	36000.0	up	0.0	0.0	
174	6551.428571428575	Kalwa 	36000.0	up	0.0	0.0	
167	6554.285714285714	Dombivli 	49000.0	down	0.0	0.0	
193	6662.857142857143	Thane 	34000.0	down	0.0	0.0	
136	6717.142857142857	Kopar 	47000.0	down	0.0	0.0	
175	6717.142857142857	Kopar 	47000.0	down	0.0	0.0	
184	6742.857142857145	Kurla 	16000.0	up	0.0	0.0	
172	6811.4285714285725	Vikhroli 	23000.0	down	0.0	0.0	
138	6897.142857142858	Mulund 	31000.0	down	0.0	0.0	
134	6905.714285714288	Vidyavihar 	18000.0	up	0.0	0.0	
106	7022.857142857142	Diwa 	43000.0	down	0.0	0.0	
139	7022.857142857142	Diwa 	43000.0	down	0.0	0.0	
160	7022.857142857142	Diwa 	43000.0	down	0.0	0.0	
112	7045.714285714287	Ghatkopar 	20000.0	down	0.0	0.0	
169	7045.714285714287	Ghatkopar 	20000.0	down	0.0	0.0	
177	7051.428571428575	Currey Road 	7000.0	down	0.0	0.0	
186	7051.428571428575	Currey Road 	7000.0	down	0.0	0.0	
151	7068.571428571431	Ghatkopar 	20000.0	up	0.0	0.0	
188	7068.571428571431	Ghatkopar 	20000.0	up	0.0	0.0	
125	7200.0	CST	0.0	up	0.0	0.0	
127	7200.0	CST	0.0	up	0.0	0.0	
152	7200.0	CST	0.0	up	0.0	0.0	
157	7200.0	CST	0.0	up	0.0	0.0	
161	7200.0	CST	0.0	up	0.0	0.0	
174	7200.0	CST	0.0	up	0.0	0.0	
187	7200.0	CST	0.0	up	0.0	0.0	
198	7200.0	CST	0.0	up	0.0	0.0	
102	7234.285714285718	Byculla 	5000.0	down	0.0	0.0	
168	7294.285714285716	Bhandup 	26000.0	down	0.0	0.0	
185	7302.857142857146	Vikhroli 	23000.0	up	0.0	0.0	
173	7362.857142857143	Masjid Bunder 	2000.0	up	0.0	0.0	
192	7362.857142857143	Masjid Bunder 	2000.0	up	0.0	0.0	
199	7362.857142857143	Masjid Bunder 	2000.0	up	0.0	0.0	
156	7371.428571428573	Kurla 	16000.0	down	0.0	0.0	
162	7454.285714285715	Sandhurst Road 	3000.0	up	0.0	0.0	
171	7454.285714285715	Sandhurst Road 	3000.0	up	0.0	0.0	
116	7605.714285714288	Sion 	13000.0	down	0.0	0.0	
186	7617.142857142858	Byculla 	5000.0	up	0.0	0.0	
123	7708.571428571429	Chinchpokli 	6000.0	up	0.0	0.0	
132	7720.000000000004	Nahur 	28000.0	up	0.0	0.0	
149	7720.000000000004	Nahur 	28000.0	up	0.0	0.0	
199	7754.285714285719	Vikhroli 	23000.0	up	0.0	0.0	
103	7760.0	Diwa 	43000.0	down	0.0	0.0	
150	7782.857142857145	Ghatkopar 	20000.0	down	0.0	0.0	
100	7800.000000000001	Currey Road 	7000.0	up	0.0	0.0	
131	7931.428571428574	Dadar 	9000.0	down	0.0	0.0	
169	7945.714285714288	Vidyavihar 	18000.0	down	0.0	0.0	
144	7954.285714285718	Mulund 	31000.0	up	0.0	0.0	
168	7960.0	Mulund 	31000.0	down	0.0	0.0	
186	7960.0	Mulund 	31000.0	down	0.0	0.0	
141	7994.285714285715	Mumbra 	40000.0	down	0.0	0.0	
146	7994.285714285715	Mumbra 	40000.0	down	0.0	0.0	
165	7994.285714285715	Mumbra 	40000.0	down	0.0	0.0	
137	8008.571428571434	Bhandup 	26000.0	up	0.0	0.0	
143	8068.571428571434	Byculla 	5000.0	up	0.0	0.0	
163	8160.0000000000055	Chinchpokli 	6000.0	up	0.0	0.0	
180	8171.428571428577	Nahur 	28000.0	up	0.0	0.0	
140	8194.285714285714	Nahur 	28000.0	down	0.0	0.0	
172	8194.285714285714	Nahur 	28000.0	down	0.0	0.0	
190	8194.285714285714	Nahur 	28000.0	down	0.0	0.0	
139	8205.714285714288	Chinchpokli 	6000.0	down	0.0	0.0	
142	8205.714285714288	Chinchpokli 	6000.0	down	0.0	0.0	
153	8262.857142857147	Thakurli 	50000.0	down	0.0	0.0	
197	8262.857142857147	Thakurli 	50000.0	down	0.0	0.0	
118	8300.0	Kalwa 	36000.0	down	0.0	0.0	
114	8308.57142857143	Sion 	13000.0	up	0.0	0.0	
149	8308.57142857143	Sion 	13000.0	up	0.0	0.0	
170	8342.857142857147	Parel 	8000.0	up	0.0	0.0	
138	8354.285714285717	Dombivli 	49000.0	down	0.0	0.0	
166	8357.142857142857	Bhandup 	26000.0	down	0.0	0.0	
110	8448.571428571428	Kanjurmarg 	25000.0	down	0.0	0.0	
116	8448.571428571428	Kanjurmarg 	25000.0	down	0.0	0.0	
161	8460.000000000002	Sandhurst Road 	3000.0	down	0.0	0.0	
108	8462.857142857143	Thane 	34000.0	down	0.0	0.0	
112	8462.857142857143	Thane 	34000.0	down	0.0	0.0	
164	8462.857142857143	Thane 	34000.0	down	0.0	0.0	
173	8462.857142857143	Thane 	34000.0	down	0.0	0.0	
126	8505.714285714288	Matunga 	11000.0	down	0.0	0.0	
151	8505.714285714288	Matunga 	11000.0	down	0.0	0.0	
168	8505.714285714288	Matunga 	11000.0	down	0.0	0.0	
155	8517.14285714286	Kopar 	47000.0	down	0.0	0.0	
176	8517.14285714286	Kopar 	47000.0	down	0.0	0.0	
182	8517.14285714286	Kopar 	47000.0	down	0.0	0.0	
159	8542.857142857143	Kurla 	16000.0	up	0.0	0.0	
122	8611.42857142857	Vikhroli 	23000.0	down	0.0	0.0	
181	8611.42857142857	Vikhroli 	23000.0	down	0.0	0.0	
195	8668.571428571431	Dadar 	9000.0	down	0.0	0.0	
121	8714.28571428572	Thakurli 	50000.0	down	0.0	0.0	
133	8760.000000000002	Parel 	8000.0	down	0.0	0.0	
156	8845.714285714284	Ghatkopar 	20000.0	down	0.0	0.0	
148	8851.428571428572	Currey Road 	7000.0	down	0.0	0.0	
194	8868.57142857143	Ghatkopar 	20000.0	up	0.0	0.0	
196	8868.57142857143	Ghatkopar 	20000.0	up	0.0	0.0	
177	8877.142857142859	Masjid Bunder 	2000.0	up	0.0	0.0	
102	8891.428571428576	Diwa 	43000.0	up	0.0	0.0	
107	8931.42857142857	Nahur 	28000.0	down	0.0	0.0	
161	8968.57142857143	Sandhurst Road 	3000.0	up	0.0	0.0	
190	8968.571428571433	Kopar 	47000.0	down	0.0	0.0	
123	8994.285714285717	Kurla 	16000.0	up	0.0	0.0	
120	9057.14285714286	Mumbra 	40000.0	down	0.0	0.0	
145	9057.14285714286	Mumbra 	40000.0	down	0.0	0.0	
113	9094.285714285714	Bhandup 	26000.0	down	0.0	0.0	
144	9094.285714285714	Bhandup 	26000.0	down	0.0	0.0	
124	9102.857142857143	Vikhroli 	23000.0	up	0.0	0.0	
191	9131.428571428572	Byculla 	5000.0	up	0.0	0.0	
125	9185.714285714284	Kanjurmarg 	25000.0	down	0.0	0.0	
126	9185.714285714284	Kanjurmarg 	25000.0	down	0.0	0.0	
131	9222.857142857143	Chinchpokli 	6000.0	up	0.0	0.0	
142	9222.857142857143	Chinchpokli 	6000.0	up	0.0	0.0	
143	9222.857142857143	Chinchpokli 	6000.0	up	0.0	0.0	
169	9222.857142857143	Chinchpokli 	6000.0	up	0.0	0.0	
192	9222.857142857143	Chinchpokli 	6000.0	up	0.0	0.0	
185	9265.714285714286	Kanjurmarg 	25000.0	up	0.0	0.0	
199	9314.285714285714	Currey Road 	7000.0	up	0.0	0.0	
177	9348.571428571428	Vikhroli 	23000.0	down	0.0	0.0	
188	9348.571428571428	Vikhroli 	23000.0	down	0.0	0.0	
147	9357.142857142857	Bhandup 	26000.0	up	0.0	0.0	
151	9357.142857142857	Bhandup 	26000.0	up	0.0	0.0	
165	9357.142857142857	Bhandup 	26000.0	up	0.0	0.0	
159	9360.000000000005	Dombivli 	49000.0	up	0.0	0.0	
171	9362.857142857147	Kalwa 	36000.0	down	0.0	0.0	
172	9362.857142857147	Kalwa 	36000.0	down	0.0	0.0	
115	9405.714285714284	Parel 	8000.0	up	0.0	0.0	
110	9508.571428571433	Mumbra 	40000.0	down	0.0	0.0	
133	9508.571428571433	Mumbra 	40000.0	down	0.0	0.0	
128	9520.0	Nahur 	28000.0	up	0.0	0.0	
114	9525.71428571429	Thane 	34000.0	down	0.0	0.0	
187	9582.857142857141	Ghatkopar 	20000.0	down	0.0	0.0	
106	9659.999999999998	Matunga 	11000.0	up	0.0	0.0	
108	9731.42857142857	Dadar 	9000.0	down	0.0	0.0	
130	9760.000000000004	Mulund 	31000.0	down	0.0	0.0	
181	9814.28571428572	Kalwa 	36000.0	down	0.0	0.0	
138	9822.857142857141	Sion 	13000.0	up	0.0	0.0	
157	9822.857142857141	Sion 	13000.0	up	0.0	0.0	
145	9868.571428571428	Byculla 	5000.0	up	0.0	0.0	
172	9868.571428571428	Byculla 	5000.0	up	0.0	0.0	
195	9868.571428571428	Byculla 	5000.0	up	0.0	0.0	
161	9914.285714285712	Currey Road 	7000.0	down	0.0	0.0	
164	9959.999999999998	Chinchpokli 	6000.0	up	0.0	0.0	
139	9988.571428571428	Thane 	34000.0	up	0.0	0.0	
159	10005.714285714283	Chinchpokli 	6000.0	down	0.0	0.0	
132	10051.428571428569	Currey Road 	7000.0	up	0.0	0.0	
151	10051.428571428569	Currey Road 	7000.0	up	0.0	0.0	
149	10057.142857142855	Kurla 	16000.0	up	0.0	0.0	
111	10062.857142857149	Thakurli 	50000.0	down	0.0	0.0	
158	10062.857142857149	Thakurli 	50000.0	down	0.0	0.0	
196	10062.857142857149	Thakurli 	50000.0	down	0.0	0.0	
103	10142.85714285714	Parel 	8000.0	up	0.0	0.0	
122	10142.85714285714	Parel 	8000.0	up	0.0	0.0	
194	10142.85714285714	Parel 	8000.0	up	0.0	0.0	
137	10154.28571428572	Dombivli 	49000.0	down	0.0	0.0	
167	10154.28571428572	Dombivli 	49000.0	down	0.0	0.0	
173	10154.28571428572	Dombivli 	49000.0	down	0.0	0.0	
134	10219.999999999998	Vidyavihar 	18000.0	up	0.0	0.0	
181	10219.999999999998	Vidyavihar 	18000.0	up	0.0	0.0	
185	10248.571428571431	Kanjurmarg 	25000.0	down	0.0	0.0	
160	10397.142857142853	Matunga 	11000.0	up	0.0	0.0	
143	10411.428571428574	Vikhroli 	23000.0	down	0.0	0.0	
197	10468.571428571428	Dadar 	9000.0	down	0.0	0.0	
161	10514.285714285721	Thakurli 	50000.0	down	0.0	0.0	
140	10559.999999999998	Parel 	8000.0	down	0.0	0.0	
166	10602.857142857145	Kalwa 	36000.0	up	0.0	0.0	
122	10605.714285714292	Dombivli 	49000.0	down	0.0	0.0	
188	10605.714285714292	Dombivli 	49000.0	down	0.0	0.0	
112	10617.142857142855	Vikhroli 	23000.0	up	0.0	0.0	
101	10645.714285714288	Ghatkopar 	20000.0	down	0.0	0.0	
148	10645.714285714288	Ghatkopar 	20000.0	down	0.0	0.0	
132	10651.428571428569	Currey Road 	7000.0	down	0.0	0.0	
121	10677.142857142853	Masjid Bunder 	2000.0	up	0.0	0.0	
113	10768.571428571424	Sandhurst Road 	3000.0	up	0.0	0.0	
138	10768.571428571424	Sandhurst Road 	3000.0	up	0.0	0.0	
168	10768.571428571424	Sandhurst Road 	3000.0	up	0.0	0.0	
118	10794.28571428571	Kurla 	16000.0	up	0.0	0.0	
102	10808.571428571431	Vidyavihar 	18000.0	down	0.0	0.0	
156	10857.142857142862	Mumbra 	40000.0	down	0.0	0.0	
123	10871.428571428569	Bhandup 	26000.0	up	0.0	0.0	
152	10931.428571428567	Byculla 	5000.0	up	0.0	0.0	
115	10957.142857142853	Vidyavihar 	18000.0	up	0.0	0.0	
159	10971.428571428574	Kurla 	16000.0	down	0.0	0.0	
165	10971.428571428574	Kurla 	16000.0	down	0.0	0.0	
171	10971.428571428574	Kurla 	16000.0	down	0.0	0.0	
163	11022.857142857138	Chinchpokli 	6000.0	up	0.0	0.0	
151	11074.285714285721	Diwa 	43000.0	down	0.0	0.0	
108	11162.857142857149	Kalwa 	36000.0	down	0.0	0.0	
126	11162.857142857149	Kalwa 	36000.0	down	0.0	0.0	
136	11162.857142857149	Kalwa 	36000.0	down	0.0	0.0	
153	11162.857142857149	Kalwa 	36000.0	down	0.0	0.0	
177	11297.14285714285	Dadar 	9000.0	up	0.0	0.0	
144	11308.571428571435	Mumbra 	40000.0	down	0.0	0.0	
128	11325.714285714292	Thane 	34000.0	down	0.0	0.0	
197	11325.714285714292	Thane 	34000.0	down	0.0	0.0	
127	11414.28571428571	Masjid Bunder 	2000.0	up	0.0	0.0	
143	11414.28571428571	Masjid Bunder 	2000.0	up	0.0	0.0	
141	11459.999999999993	Matunga 	11000.0	up	0.0	0.0	
172	11502.85714285714	Thane 	34000.0	up	0.0	0.0	
146	11505.71428571428	Sandhurst Road 	3000.0	up	0.0	0.0	
147	11505.71428571428	Sandhurst Road 	3000.0	up	0.0	0.0	
150	11505.71428571428	Sandhurst Road 	3000.0	up	0.0	0.0	
131	11560.000000000005	Mulund 	31000.0	down	0.0	0.0	
158	11608.571428571424	Bhandup 	26000.0	up	0.0	0.0	
118	11614.285714285721	Kalwa 	36000.0	down	0.0	0.0	
124	11622.857142857136	Sion 	13000.0	up	0.0	0.0	
148	11622.857142857136	Sion 	13000.0	up	0.0	0.0	
122	11668.571428571424	Byculla 	5000.0	up	0.0	0.0	
187	11668.571428571424	Byculla 	5000.0	up	0.0	0.0	
199	11668.571428571424	Byculla 	5000.0	up	0.0	0.0	
159	11777.142857142864	Thane 	34000.0	down	0.0	0.0	
114	11794.28571428572	Nahur 	28000.0	down	0.0	0.0	
156	11794.28571428572	Nahur 	28000.0	down	0.0	0.0	
169	11794.28571428572	Nahur 	28000.0	down	0.0	0.0	
135	11851.428571428565	Currey Road 	7000.0	up	0.0	0.0	
176	11857.14285714285	Kurla 	16000.0	up	0.0	0.0	
180	11857.14285714285	Kurla 	16000.0	up	0.0	0.0	
181	11862.857142857143	Thakurli 	50000.0	down	0.0	0.0	
183	11862.857142857143	Thakurli 	50000.0	down	0.0	0.0	
175	11897.142857142857	Byculla 	5000.0	down	0.0	0.0	
166	11942.857142857136	Parel 	8000.0	up	0.0	0.0	
132	11954.285714285714	Dombivli 	49000.0	down	0.0	0.0	
192	11954.285714285714	Dombivli 	49000.0	down	0.0	0.0	
112	11971.428571428569	Mumbra 	40000.0	up	0.0	0.0	
190	12019.999999999993	Vidyavihar 	18000.0	up	0.0	0.0	
161	12034.285714285706	Dadar 	9000.0	up	0.0	0.0	
184	12034.285714285706	Dadar 	9000.0	up	0.0	0.0	
104	12117.142857142857	Kopar 	47000.0	down	0.0	0.0	
125	12117.142857142857	Kopar 	47000.0	down	0.0	0.0	
155	12197.14285714285	Matunga 	11000.0	up	0.0	0.0	
109	12239.999999999995	Thane 	34000.0	up	0.0	0.0	
139	12245.714285714292	Nahur 	28000.0	down	0.0	0.0	
184	12245.714285714292	Nahur 	28000.0	down	0.0	0.0	
118	12314.285714285717	Thakurli 	50000.0	down	0.0	0.0	
152	12402.857142857138	Kalwa 	36000.0	up	0.0	0.0	
130	12405.714285714288	Dombivli 	49000.0	down	0.0	0.0	
107	12417.14285714285	Vikhroli 	23000.0	up	0.0	0.0	
120	12417.14285714285	Vikhroli 	23000.0	up	0.0	0.0	
112	12422.857142857143	Diwa 	43000.0	down	0.0	0.0	
142	12422.857142857143	Diwa 	43000.0	down	0.0	0.0	
180	12422.857142857143	Diwa 	43000.0	down	0.0	0.0	
114	12477.142857142857	Masjid Bunder 	2000.0	up	0.0	0.0	
192	12477.142857142857	Masjid Bunder 	2000.0	up	0.0	0.0	
167	12500.000000000005	Kanjurmarg 	25000.0	down	0.0	0.0	
116	12511.428571428569	Kopar 	47000.0	up	0.0	0.0	
102	12511.428571428572	Sandhurst Road 	3000.0	down	0.0	0.0	
151	12568.571428571428	Sandhurst Road 	3000.0	up	0.0	0.0	
182	12568.571428571428	Sandhurst Road 	3000.0	up	0.0	0.0	
110	12579.999999999993	Kanjurmarg 	25000.0	up	0.0	0.0	
134	12608.571428571433	Vidyavihar 	18000.0	down	0.0	0.0	
140	12657.142857142857	Mumbra 	40000.0	down	0.0	0.0	
147	12657.142857142857	Mumbra 	40000.0	down	0.0	0.0	
101	12757.14285714285	Vidyavihar 	18000.0	up	0.0	0.0	
149	12757.14285714285	Vidyavihar 	18000.0	up	0.0	0.0	
145	12834.285714285706	Nahur 	28000.0	up	0.0	0.0	
113	12919.999999999993	Ghatkopar 	20000.0	up	0.0	0.0	
133	12928.57142857143	Masjid Bunder 	2000.0	up	0.0	0.0	
185	12962.857142857143	Kalwa 	36000.0	down	0.0	0.0	
191	12962.857142857143	Kalwa 	36000.0	down	0.0	0.0	
132	13005.714285714283	Parel 	8000.0	up	0.0	0.0	
166	13005.714285714283	Parel 	8000.0	up	0.0	0.0	
175	13005.71428571429	Sion 	13000.0	down	0.0	0.0	
164	13020.0	Sandhurst Road 	3000.0	up	0.0	0.0	
160	13060.000000000005	Vidyavihar 	18000.0	down	0.0	0.0	
116	13097.142857142853	Dadar 	9000.0	up	0.0	0.0	
168	13097.142857142853	Dadar 	9000.0	up	0.0	0.0	
127	13125.714285714286	Thane 	34000.0	down	0.0	0.0	
102	13154.285714285706	Vikhroli 	23000.0	up	0.0	0.0	
171	13168.571428571433	Matunga 	11000.0	down	0.0	0.0	
172	13168.571428571433	Matunga 	11000.0	down	0.0	0.0	
143	13317.14285714285	Kanjurmarg 	25000.0	up	0.0	0.0	
111	13360.0	Mulund 	31000.0	down	0.0	0.0	
107	13365.714285714284	Currey Road 	7000.0	up	0.0	0.0	
189	13365.714285714284	Currey Road 	7000.0	up	0.0	0.0	
102	13377.142857142855	Thakurli 	50000.0	down	0.0	0.0	
148	13377.142857142855	Thakurli 	50000.0	down	0.0	0.0	
155	13465.714285714277	Kalwa 	36000.0	up	0.0	0.0	
173	13468.571428571426	Dombivli 	49000.0	down	0.0	0.0	
184	13594.285714285714	Nahur 	28000.0	down	0.0	0.0	
135	13631.428571428569	Kopar 	47000.0	down	0.0	0.0	
164	13657.142857142853	Kurla 	16000.0	up	0.0	0.0	
196	13697.142857142859	Byculla 	5000.0	down	0.0	0.0	
134	13757.142857142857	Bhandup 	26000.0	down	0.0	0.0	
137	13757.142857142857	Bhandup 	26000.0	down	0.0	0.0	
141	13757.142857142857	Bhandup 	26000.0	down	0.0	0.0	
158	13771.428571428563	Mumbra 	40000.0	up	0.0	0.0	
138	13848.571428571428	Kanjurmarg 	25000.0	down	0.0	0.0	
165	13860.000000000002	Sandhurst Road 	3000.0	down	0.0	0.0	
122	13874.285714285712	Sion 	13000.0	up	0.0	0.0	
184	13874.28571428572	Parel 	8000.0	down	0.0	0.0	
140	13937.142857142855	Diwa 	43000.0	down	0.0	0.0	
152	13937.142857142855	Diwa 	43000.0	down	0.0	0.0	
182	13937.142857142855	Diwa 	43000.0	down	0.0	0.0	
177	13951.428571428572	Masjid Bunder 	2000.0	down	0.0	0.0	
142	13982.85714285714	Ghatkopar 	20000.0	up	0.0	0.0	
109	14005.714285714277	Diwa 	43000.0	up	0.0	0.0	
129	14011.42857142857	Vikhroli 	23000.0	down	0.0	0.0	
171	14114.28571428571	Thakurli 	50000.0	down	0.0	0.0	
110	14171.428571428569	Mumbra 	40000.0	down	0.0	0.0	
185	14171.428571428569	Mumbra 	40000.0	down	0.0	0.0	
199	14171.428571428569	Mumbra 	40000.0	down	0.0	0.0	
120	14205.71428571428	Dombivli 	49000.0	down	0.0	0.0	
143	14208.571428571431	Bhandup 	26000.0	down	0.0	0.0	
103	14217.142857142853	Vikhroli 	23000.0	up	0.0	0.0	
116	14217.142857142853	Vikhroli 	23000.0	up	0.0	0.0	
187	14245.714285714284	Ghatkopar 	20000.0	down	0.0	0.0	
106	14277.142857142859	Masjid Bunder 	2000.0	up	0.0	0.0	
114	14277.142857142859	Masjid Bunder 	2000.0	up	0.0	0.0	
128	14277.142857142859	Masjid Bunder 	2000.0	up	0.0	0.0	
131	14277.142857142859	Masjid Bunder 	2000.0	up	0.0	0.0	
145	14277.142857142859	Masjid Bunder 	2000.0	up	0.0	0.0	
172	14277.142857142859	Masjid Bunder 	2000.0	up	0.0	0.0	
111	14300.000000000002	Kanjurmarg 	25000.0	down	0.0	0.0	
165	14300.000000000002	Kanjurmarg 	25000.0	down	0.0	0.0	
159	14408.571428571428	Vidyavihar 	18000.0	down	0.0	0.0	
150	14462.857142857145	Vikhroli 	23000.0	down	0.0	0.0	
139	14471.428571428567	Bhandup 	26000.0	up	0.0	0.0	
163	14477.142857142855	Kalwa 	36000.0	down	0.0	0.0	
113	14531.428571428572	Byculla 	5000.0	up	0.0	0.0	
175	14531.428571428572	Byculla 	5000.0	up	0.0	0.0	
130	14622.857142857143	Chinchpokli 	6000.0	up	0.0	0.0	
153	14622.857142857143	Chinchpokli 	6000.0	up	0.0	0.0	
154	14634.28571428571	Nahur 	28000.0	up	0.0	0.0	
192	14639.999999999998	Thane 	34000.0	down	0.0	0.0	
124	14674.28571428571	Diwa 	43000.0	down	0.0	0.0	
184	14674.28571428571	Diwa 	43000.0	down	0.0	0.0	
101	14714.285714285714	Currey Road 	7000.0	up	0.0	0.0	
189	14714.285714285714	Currey Road 	7000.0	up	0.0	0.0	
118	14728.571428571431	Masjid Bunder 	2000.0	up	0.0	0.0	
196	14728.571428571431	Masjid Bunder 	2000.0	up	0.0	0.0	
194	14805.714285714284	Parel 	8000.0	up	0.0	0.0	
195	14805.714285714284	Parel 	8000.0	up	0.0	0.0	
141	14831.428571428569	Kanjurmarg 	25000.0	up	0.0	0.0	
105	14868.571428571424	Mulund 	31000.0	up	0.0	0.0	
197	14874.285714285712	Mulund 	31000.0	down	0.0	0.0	
175	14897.142857142855	Dadar 	9000.0	up	0.0	0.0	
120	14968.571428571428	Matunga 	11000.0	down	0.0	0.0	
147	14968.571428571428	Matunga 	11000.0	down	0.0	0.0	
190	14982.857142857145	Byculla 	5000.0	up	0.0	0.0	
112	15059.999999999998	Matunga 	11000.0	up	0.0	0.0	
145	15074.285714285716	Chinchpokli 	6000.0	up	0.0	0.0	
137	15165.714285714286	Currey Road 	7000.0	up	0.0	0.0	
160	15177.14285714285	Thakurli 	50000.0	down	0.0	0.0	
155	15211.428571428563	Dombivli 	49000.0	up	0.0	0.0	
103	15222.857142857141	Sion 	13000.0	up	0.0	0.0	
167	15222.857142857141	Sion 	13000.0	up	0.0	0.0	
188	15222.857142857141	Sion 	13000.0	up	0.0	0.0	
170	15222.857142857141	Parel 	8000.0	down	0.0	0.0	
109	15268.57142857142	Dombivli 	49000.0	down	0.0	0.0	
110	15268.57142857142	Dombivli 	49000.0	down	0.0	0.0	
164	15268.57142857142	Dombivli 	49000.0	down	0.0	0.0	
139	15271.428571428569	Bhandup 	26000.0	down	0.0	0.0	
145	15271.428571428569	Bhandup 	26000.0	down	0.0	0.0	
172	15348.571428571428	Dadar 	9000.0	up	0.0	0.0	
100	15362.85714285714	Kanjurmarg 	25000.0	down	0.0	0.0	
105	15362.85714285714	Kanjurmarg 	25000.0	down	0.0	0.0	
121	15431.428571428563	Kopar 	47000.0	down	0.0	0.0	
125	15431.428571428563	Kopar 	47000.0	down	0.0	0.0	
149	15525.714285714283	Vikhroli 	23000.0	down	0.0	0.0	
150	15525.714285714283	Vikhroli 	23000.0	down	0.0	0.0	
146	15611.428571428567	Mulund 	31000.0	down	0.0	0.0	
159	15611.428571428567	Mulund 	31000.0	down	0.0	0.0	
191	15619.999999999998	Vidyavihar 	18000.0	up	0.0	0.0	
181	15737.14285714285	Diwa 	43000.0	down	0.0	0.0	
197	15737.14285714285	Diwa 	43000.0	down	0.0	0.0	
108	15782.857142857141	Ghatkopar 	20000.0	up	0.0	0.0	
151	15782.857142857141	Ghatkopar 	20000.0	up	0.0	0.0	
158	15782.857142857141	Ghatkopar 	20000.0	up	0.0	0.0	
169	15782.857142857141	Ghatkopar 	20000.0	up	0.0	0.0	
104	15922.85714285714	Vidyavihar 	18000.0	down	0.0	0.0	
154	15922.85714285714	Vidyavihar 	18000.0	down	0.0	0.0	
170	15922.85714285714	Vidyavihar 	18000.0	down	0.0	0.0	
124	15971.428571428563	Mumbra 	40000.0	down	0.0	0.0	
168	15971.428571428563	Mumbra 	40000.0	down	0.0	0.0	
180	16017.142857142855	Vikhroli 	23000.0	up	0.0	0.0	
145	16077.142857142853	Masjid Bunder 	2000.0	up	0.0	0.0	
165	16077.142857142853	Masjid Bunder 	2000.0	up	0.0	0.0	
174	16099.999999999995	Kanjurmarg 	25000.0	down	0.0	0.0	
101	16168.57142857142	Kopar 	47000.0	down	0.0	0.0	
127	16168.57142857142	Kopar 	47000.0	down	0.0	0.0	
141	16168.57142857142	Kopar 	47000.0	down	0.0	0.0	
147	16168.571428571424	Sandhurst Road 	3000.0	up	0.0	0.0	
143	16179.999999999998	Kanjurmarg 	25000.0	up	0.0	0.0	
120	16257.142857142853	Diwa 	43000.0	up	0.0	0.0	
128	16277.14285714285	Kalwa 	36000.0	down	0.0	0.0	
139	16277.14285714285	Kalwa 	36000.0	down	0.0	0.0	
154	16422.857142857138	Chinchpokli 	6000.0	up	0.0	0.0	
100	16439.999999999993	Thane 	34000.0	down	0.0	0.0	
108	16439.999999999993	Thane 	34000.0	down	0.0	0.0	
143	16439.999999999993	Thane 	34000.0	down	0.0	0.0	
178	16468.571428571428	Vikhroli 	23000.0	up	0.0	0.0	
113	16474.285714285706	Diwa 	43000.0	down	0.0	0.0	
116	16497.14285714285	Ghatkopar 	20000.0	down	0.0	0.0	
142	16497.14285714285	Ghatkopar 	20000.0	down	0.0	0.0	
152	16497.14285714285	Ghatkopar 	20000.0	down	0.0	0.0	
131	16514.28571428571	Currey Road 	7000.0	up	0.0	0.0	
138	16514.28571428571	Currey Road 	7000.0	up	0.0	0.0	
158	16514.28571428571	Currey Road 	7000.0	up	0.0	0.0	
185	16514.28571428571	Currey Road 	7000.0	up	0.0	0.0	
151	16528.571428571424	Masjid Bunder 	2000.0	up	0.0	0.0	
102	16605.714285714283	Parel 	8000.0	up	0.0	0.0	
105	16605.714285714283	Parel 	8000.0	up	0.0	0.0	
155	16605.714285714283	Parel 	8000.0	up	0.0	0.0	
167	16645.71428571428	Dadar 	9000.0	down	0.0	0.0	
176	16645.71428571428	Dadar 	9000.0	down	0.0	0.0	
183	16645.71428571428	Dadar 	9000.0	down	0.0	0.0	
135	16674.285714285706	Mulund 	31000.0	down	0.0	0.0	
129	16697.142857142855	Dadar 	9000.0	up	0.0	0.0	
154	16697.142857142855	Dadar 	9000.0	up	0.0	0.0	
139	16782.857142857138	Byculla 	5000.0	up	0.0	0.0	
104	16828.571428571424	Currey Road 	7000.0	down	0.0	0.0	
149	16828.571428571424	Currey Road 	7000.0	down	0.0	0.0	
182	16828.571428571424	Currey Road 	7000.0	down	0.0	0.0	
111	16859.999999999996	Matunga 	11000.0	up	0.0	0.0	
163	16859.999999999996	Matunga 	11000.0	up	0.0	0.0	
152	16874.28571428571	Chinchpokli 	6000.0	up	0.0	0.0	
132	16902.857142857138	Thane 	34000.0	up	0.0	0.0	
115	16908.57142857142	Nahur 	28000.0	down	0.0	0.0	
191	16965.714285714283	Currey Road 	7000.0	up	0.0	0.0	
199	17014.285714285706	Kalwa 	36000.0	down	0.0	0.0	
176	17057.142857142848	Sion 	13000.0	down	0.0	0.0	
175	17057.142857142855	Parel 	8000.0	up	0.0	0.0	
103	17065.71428571428	Kalwa 	36000.0	up	0.0	0.0	
159	17071.42857142856	Bhandup 	26000.0	down	0.0	0.0	
170	17177.142857142848	Thane 	34000.0	down	0.0	0.0	
107	17219.99999999999	Matunga 	11000.0	down	0.0	0.0	
100	17231.42857142857	Kopar 	47000.0	down	0.0	0.0	
106	17231.42857142857	Kopar 	47000.0	down	0.0	0.0	
153	17231.42857142857	Kopar 	47000.0	down	0.0	0.0	
164	17231.42857142857	Kopar 	47000.0	down	0.0	0.0	
187	17231.42857142857	Kopar 	47000.0	down	0.0	0.0	
196	17231.42857142857	Kopar 	47000.0	down	0.0	0.0	
166	17257.14285714285	Kurla 	16000.0	up	0.0	0.0	
167	17257.14285714285	Kurla 	16000.0	up	0.0	0.0	
113	17325.714285714275	Vikhroli 	23000.0	down	0.0	0.0	
124	17325.714285714275	Vikhroli 	23000.0	down	0.0	0.0	
190	17325.714285714275	Vikhroli 	23000.0	down	0.0	0.0	
127	17371.428571428565	Mumbra 	40000.0	up	0.0	0.0	
155	17411.42857142856	Mulund 	31000.0	down	0.0	0.0	
161	17428.571428571424	Thakurli 	50000.0	down	0.0	0.0	
171	17428.571428571424	Thakurli 	50000.0	down	0.0	0.0	
178	17428.571428571424	Thakurli 	50000.0	down	0.0	0.0	
180	17519.999999999996	Dombivli 	49000.0	down	0.0	0.0	
172	17537.142857142855	Diwa 	43000.0	down	0.0	0.0	
110	17559.99999999999	Ghatkopar 	20000.0	down	0.0	0.0	
146	17582.857142857134	Ghatkopar 	20000.0	up	0.0	0.0	
112	17591.428571428565	Masjid Bunder 	2000.0	up	0.0	0.0	
168	17591.428571428565	Masjid Bunder 	2000.0	up	0.0	0.0	
185	17591.428571428565	Masjid Bunder 	2000.0	up	0.0	0.0	
148	17682.857142857138	Sandhurst Road 	3000.0	up	0.0	0.0	
182	17682.857142857138	Sandhurst Road 	3000.0	up	0.0	0.0	
192	17682.857142857138	Sandhurst Road 	3000.0	up	0.0	0.0	
183	17771.42857142857	Mumbra 	40000.0	down	0.0	0.0	
135	17808.571428571417	Bhandup 	26000.0	down	0.0	0.0	
189	17808.571428571417	Bhandup 	26000.0	down	0.0	0.0	
197	17808.571428571417	Bhandup 	26000.0	down	0.0	0.0	
181	17817.142857142848	Vikhroli 	23000.0	up	0.0	0.0	
133	17845.71428571428	Byculla 	5000.0	up	0.0	0.0	
149	17845.71428571428	Byculla 	5000.0	up	0.0	0.0	
155	17845.71428571428	Byculla 	5000.0	up	0.0	0.0	
122	17871.428571428565	Vidyavihar 	18000.0	up	0.0	0.0	
139	17885.71428571427	Kurla 	16000.0	down	0.0	0.0	
118	17899.99999999999	Kanjurmarg 	25000.0	down	0.0	0.0	
141	17937.14285714285	Chinchpokli 	6000.0	up	0.0	0.0	
152	17937.14285714285	Chinchpokli 	6000.0	up	0.0	0.0	
159	17979.99999999999	Kanjurmarg 	25000.0	up	0.0	0.0	
176	17979.99999999999	Kanjurmarg 	25000.0	up	0.0	0.0	
104	18028.571428571424	Currey Road 	7000.0	up	0.0	0.0	
160	18028.571428571424	Currey Road 	7000.0	up	0.0	0.0	
184	18028.571428571424	Currey Road 	7000.0	up	0.0	0.0	
166	18062.85714285713	Vikhroli 	23000.0	down	0.0	0.0	
137	18077.142857142855	Kalwa 	36000.0	down	0.0	0.0	
174	18077.142857142855	Kalwa 	36000.0	down	0.0	0.0	
173	18119.999999999985	Sion 	13000.0	down	0.0	0.0	
190	18119.999999999996	Parel 	8000.0	up	0.0	0.0	
134	18211.42857142857	Dadar 	9000.0	up	0.0	0.0	
185	18211.42857142857	Dadar 	9000.0	up	0.0	0.0	
150	18222.857142857138	Mumbra 	40000.0	down	0.0	0.0	
103	18234.285714285703	Nahur 	28000.0	up	0.0	0.0	
182	18239.999999999996	Thane 	34000.0	down	0.0	0.0	
190	18239.999999999996	Thane 	34000.0	down	0.0	0.0	
195	18239.999999999996	Thane 	34000.0	down	0.0	0.0	
114	18268.57142857142	Vikhroli 	23000.0	up	0.0	0.0	
116	18297.142857142844	Ghatkopar 	20000.0	down	0.0	0.0	
142	18297.142857142844	Ghatkopar 	20000.0	down	0.0	0.0	
167	18328.571428571417	Masjid Bunder 	2000.0	up	0.0	0.0	
113	18374.28571428571	Matunga 	11000.0	up	0.0	0.0	
130	18374.28571428571	Matunga 	11000.0	up	0.0	0.0	
152	18431.42857142856	Kanjurmarg 	25000.0	up	0.0	0.0	
108	18459.999999999985	Vidyavihar 	18000.0	down	0.0	0.0	
159	18474.28571428571	Mulund 	31000.0	down	0.0	0.0	
138	18528.571428571424	Kalwa 	36000.0	down	0.0	0.0	
166	18537.14285714285	Sion 	13000.0	up	0.0	0.0	
196	18622.857142857127	Kurla 	16000.0	down	0.0	0.0	
189	18674.285714285703	Chinchpokli 	6000.0	up	0.0	0.0	
170	18691.428571428565	Thane 	34000.0	down	0.0	0.0	
143	18719.999999999985	Chinchpokli 	6000.0	down	0.0	0.0	
182	18857.142857142848	Parel 	8000.0	up	0.0	0.0	
105	18868.571428571424	Dombivli 	49000.0	down	0.0	0.0	
116	18868.571428571424	Dombivli 	49000.0	down	0.0	0.0	
125	18868.571428571424	Dombivli 	49000.0	down	0.0	0.0	
145	18868.571428571424	Dombivli 	49000.0	down	0.0	0.0	
100	18925.71428571428	Mulund 	31000.0	down	0.0	0.0	
151	18925.71428571428	Mulund 	31000.0	down	0.0	0.0	
169	18934.285714285706	Vidyavihar 	18000.0	up	0.0	0.0	
124	18948.57142857142	Dadar 	9000.0	up	0.0	0.0	
135	18962.857142857138	Kanjurmarg 	25000.0	down	0.0	0.0	
139	18962.857142857138	Kanjurmarg 	25000.0	down	0.0	0.0	
109	19019.99999999998	Matunga 	11000.0	down	0.0	0.0	
173	19031.428571428565	Kopar 	47000.0	down	0.0	0.0	
199	19031.428571428565	Kopar 	47000.0	down	0.0	0.0	
114	19097.142857142848	Ghatkopar 	20000.0	up	0.0	0.0	
118	19111.42857142856	Matunga 	11000.0	up	0.0	0.0	
137	19228.571428571424	Thakurli 	50000.0	down	0.0	0.0	
110	19274.285714285696	Parel 	8000.0	down	0.0	0.0	
131	19319.999999999996	Dombivli 	49000.0	down	0.0	0.0	
127	19331.42857142856	Vikhroli 	23000.0	up	0.0	0.0	
124	19337.14285714285	Diwa 	43000.0	down	0.0	0.0	
175	19359.999999999993	Ghatkopar 	20000.0	down	0.0	0.0	
196	19365.714285714268	Currey Road 	7000.0	down	0.0	0.0	
151	19391.428571428554	Masjid Bunder 	2000.0	up	0.0	0.0	
132	19482.857142857138	Kopar 	47000.0	down	0.0	0.0	
146	19494.285714285703	Kanjurmarg 	25000.0	up	0.0	0.0	
153	19494.285714285703	Kanjurmarg 	25000.0	up	0.0	0.0	
148	19522.857142857134	Vidyavihar 	18000.0	down	0.0	0.0	
168	19548.571428571413	Byculla 	5000.0	down	0.0	0.0	
109	19585.714285714275	Bhandup 	26000.0	up	0.0	0.0	
111	19622.85714285713	Mumbra 	40000.0	up	0.0	0.0	
122	19645.714285714268	Byculla 	5000.0	up	0.0	0.0	
158	19645.714285714268	Byculla 	5000.0	up	0.0	0.0	
152	19671.428571428558	Vidyavihar 	18000.0	up	0.0	0.0	
110	19685.714285714275	Kurla 	16000.0	down	0.0	0.0	
103	19737.14285714284	Chinchpokli 	6000.0	up	0.0	0.0	
165	19748.571428571417	Nahur 	28000.0	up	0.0	0.0	
150	19788.571428571424	Diwa 	43000.0	down	0.0	0.0	
160	19788.571428571424	Diwa 	43000.0	down	0.0	0.0	
107	19828.571428571413	Currey Road 	7000.0	up	0.0	0.0	
159	19828.571428571413	Currey Road 	7000.0	up	0.0	0.0	
180	19828.571428571413	Currey Road 	7000.0	up	0.0	0.0	
100	19877.14285714285	Kalwa 	36000.0	down	0.0	0.0	
194	19919.999999999985	Parel 	8000.0	up	0.0	0.0	
113	19982.85714285713	Mulund 	31000.0	up	0.0	0.0	
